State Code,County Code,Site Number,Parameter Code,POC,Latitude,Longitude,Datum,Parameter Name,Duration Description,Pollutant Standard,Date (Local),Year,Day In Year (Local),Units of Measure,Exceptional Data Type,Nonreg Observation Count,Observation Count,Observation Percent,Nonreg Arithmetic Mean,Arithmetic Mean,Nonreg First Maximum Value,First Maximum Value,First Maximum Hour,AQI,Daily Criteria Indicator,Tribe Name,State Name,County Name,City Name,Local Site Name,Address,MSA or CBSA Name,Data Source
17,31,76,42401,1,41.7514,-87.713488,WGS84,Sulfur dioxide,1 HOUR,SO2 1-hour 2010,1/1/2021,2021,1,Parts per billion,None,,24,100,,2,,2.8,5,3,Y,,Illinois,Cook,Chicago,COM ED MAINTENANCE BLDG,7801 LAWNDALE,"Chicago-Naperville-Elgin, IL-IN-WI",AQS Data Mart
17,31,76,42401,1,41.7514,-87.713488,WGS84,Sulfur dioxide,1 HOUR,SO2 1-hour 2010,1/2/2021,2021,2,Parts per billion,None,,24,100,,1.808333,,2.1,11,3,Y,,Illinois,Cook,Chicago,COM ED MAINTENANCE BLDG,7801 LAWNDALE,"Chicago-Naperville-Elgin, IL-IN-WI",AQS Data Mart
17,31,76,42401,1,41.7514,-87.713488,WGS84,Sulfur dioxide,1 HOUR,SO2 1-hour 2010,1/3/2021,2021,3,Parts per billion,None,,24,100,,1.8625,,2.4,3,3,Y,,Illinois,Cook,Chicago,COM ED MAINTENANCE BLDG,7801 LAWNDALE,"Chicago-Naperville-Elgin, IL-IN-WI",AQS Data Mart
17,31,76,42401,1,41.7514,-87.713488,WGS84,Sulfur dioxide,1 HOUR,SO2 1-hour 2010,1/4/2021,2021,4,Parts per billion,None,,13,54,,1.730769,,1.9,11,1,N,,Illinois,Cook,Chicago,COM ED MAINTENANCE BLDG,7801 LAWNDALE,"Chicago-Naperville-Elgin, IL-IN-WI",AQS Data Mart
17,31,76,42401,1,41.7514,-87.713488,WGS84,Sulfur dioxide,1 HOUR,SO2 1-hour 2010,1/7/2021,2021,7,Parts per billion,None,,10,42,,1.72,,1.9,15,1,N,,Illinois,Cook,Chicago,COM ED MAINTENANCE BLDG,7801 LAWNDALE,"Chicago-Naperville-Elgin, IL-IN-WI",AQS Data Mart
17,31,76,42401,1,41.7514,-87.713488,WGS84,Sulfur dioxide,1 HOUR,SO2 1-hour 2010,1/8/2021,2021,8,Parts per billion,None,,24,100,,1.716667,,1.8,8,1,Y,,Illinois,Cook,Chicago,COM ED MAINTENANCE BLDG,7801 LAWNDALE,"Chicago-Naperville-Elgin, IL-IN-WI",AQS Data Mart
17,31,76,42401,1,41.7514,-87.713488,WGS84,Sulfur dioxide,1 HOUR,SO2 1-hour 2010,1/9/2021,2021,9,Parts per billion,None,,24,100,,1.991667,,2.5,20,3,Y,,Illinois,Cook,Chicago,COM ED MAINTENANCE BLDG,7801 LAWNDALE,"Chicago-Naperville-Elgin, IL-IN-WI",AQS Data Mart
17,31,76,42401,1,41.7514,-87.713488,WGS84,Sulfur dioxide,1 HOUR,SO2 1-hour 2010,1/10/2021,2021,10,Parts per billion,None,,24,100,,1.9125,,2.4,0,3,Y,,Illinois,Cook,Chicago,COM ED MAINTENANCE BLDG,7801 LAWNDALE,"Chicago-Naperville-Elgin, IL-IN-WI",AQS Data Mart
17,31,76,42401,1,41.7514,-87.713488,WGS84,Sulfur dioxide,1 HOUR,SO2 1-hour 2010,1/11/2021,2021,11,Parts per billion,None,,24,100,,1.65,,1.7,8,1,Y,,Illinois,Cook,Chicago,COM ED MAINTENANCE BLDG,7801 LAWNDALE,"Chicago-Naperville-Elgin, IL-IN-WI",AQS Data Mart
17,31,76,42401,1,41.7514,-87.713488,WGS84,Sulfur dioxide,1 HOUR,SO2 1-hour 2010,1/12/2021,2021,12,Parts per billion,None,,24,100,,1.945833,,2.3,13,3,Y,,Illinois,Cook,Chicago,COM ED MAINTENANCE BLDG,7801 LAWNDALE,"Chicago-Naperville-Elgin, IL-IN-WI",AQS Data Mart
17,31,76,42401,1,41.7514,-87.713488,WGS84,Sulfur dioxide,1 HOUR,SO2 1-hour 2010,1/13/2021,2021,13,Parts per billion,None,,22,92,,2.05,,2.2,15,3,Y,,Illinois,Cook,Chicago,COM ED MAINTENANCE BLDG,7801 LAWNDALE,"Chicago-Naperville-Elgin, IL-IN-WI",AQS Data Mart
17,31,76,42401,1,41.7514,-87.713488,WGS84,Sulfur dioxide,1 HOUR,SO2 1-hour 2010,1/14/2021,2021,14,Parts per billion,None,,24,100,,2.079167,,2.4,15,3,Y,,Illinois,Cook,Chicago,COM ED MAINTENANCE BLDG,7801 LAWNDALE,"Chicago-Naperville-Elgin, IL-IN-WI",AQS Data Mart
17,31,76,42401,1,41.7514,-87.713488,WGS84,Sulfur dioxide,1 HOUR,SO2 1-hour 2010,1/15/2021,2021,15,Parts per billion,None,,24,100,,2.179167,,3.5,22,4,Y,,Illinois,Cook,Chicago,COM ED MAINTENANCE BLDG,7801 LAWNDALE,"Chicago-Naperville-Elgin, IL-IN-WI",AQS Data Mart
17,31,76,42401,1,41.7514,-87.713488,WGS84,Sulfur dioxide,1 HOUR,SO2 1-hour 2010,1/16/2021,2021,16,Parts per billion,None,,24,100,,1.970833,,2.1,0,3,Y,,Illinois,Cook,Chicago,COM ED MAINTENANCE BLDG,7801 LAWNDALE,"Chicago-Naperville-Elgin, IL-IN-WI",AQS Data Mart
17,31,76,42401,1,41.7514,-87.713488,WGS84,Sulfur dioxide,1 HOUR,SO2 1-hour 2010,1/17/2021,2021,17,Parts per billion,None,,24,100,,1.875,,1.9,0,1,Y,,Illinois,Cook,Chicago,COM ED MAINTENANCE BLDG,7801 LAWNDALE,"Chicago-Naperville-Elgin, IL-IN-WI",AQS Data Mart
17,31,76,42401,1,41.7514,-87.713488,WGS84,Sulfur dioxide,1 HOUR,SO2 1-hour 2010,1/18/2021,2021,18,Parts per billion,None,,24,100,,1.816667,,1.9,9,1,Y,,Illinois,Cook,Chicago,COM ED MAINTENANCE BLDG,7801 LAWNDALE,"Chicago-Naperville-Elgin, IL-IN-WI",AQS Data Mart
17,31,76,42401,1,41.7514,-87.713488,WGS84,Sulfur dioxide,1 HOUR,SO2 1-hour 2010,1/19/2021,2021,19,Parts per billion,None,,24,100,,1.825,,2.2,14,3,Y,,Illinois,Cook,Chicago,COM ED MAINTENANCE BLDG,7801 LAWNDALE,"Chicago-Naperville-Elgin, IL-IN-WI",AQS Data Mart
17,31,76,42401,1,41.7514,-87.713488,WGS84,Sulfur dioxide,1 HOUR,SO2 1-hour 2010,1/20/2021,2021,20,Parts per billion,None,,24,100,,1.795833,,2.2,22,3,Y,,Illinois,Cook,Chicago,COM ED MAINTENANCE BLDG,7801 LAWNDALE,"Chicago-Naperville-Elgin, IL-IN-WI",AQS Data Mart
17,31,76,42401,1,41.7514,-87.713488,WGS84,Sulfur dioxide,1 HOUR,SO2 1-hour 2010,1/21/2021,2021,21,Parts per billion,None,,24,100,,2.045833,,2.5,22,3,Y,,Illinois,Cook,Chicago,COM ED MAINTENANCE BLDG,7801 LAWNDALE,"Chicago-Naperville-Elgin, IL-IN-WI",AQS Data Mart
17,31,76,42401,1,41.7514,-87.713488,WGS84,Sulfur dioxide,1 HOUR,SO2 1-hour 2010,1/22/2021,2021,22,Parts per billion,None,,24,100,,1.758333,,2.4,1,3,Y,,Illinois,Cook,Chicago,COM ED MAINTENANCE BLDG,7801 LAWNDALE,"Chicago-Naperville-Elgin, IL-IN-WI",AQS Data Mart
17,31,76,42401,1,41.7514,-87.713488,WGS84,Sulfur dioxide,1 HOUR,SO2 1-hour 2010,1/23/2021,2021,23,Parts per billion,None,,24,100,,2.1625,,3,8,4,Y,,Illinois,Cook,Chicago,COM ED MAINTENANCE BLDG,7801 LAWNDALE,"Chicago-Naperville-Elgin, IL-IN-WI",AQS Data Mart
17,31,76,42401,1,41.7514,-87.713488,WGS84,Sulfur dioxide,1 HOUR,SO2 1-hour 2010,1/24/2021,2021,24,Parts per billion,None,,24,100,,1.966667,,2.3,18,3,Y,,Illinois,Cook,Chicago,COM ED MAINTENANCE BLDG,7801 LAWNDALE,"Chicago-Naperville-Elgin, IL-IN-WI",AQS Data Mart
17,31,76,42401,1,41.7514,-87.713488,WGS84,Sulfur dioxide,1 HOUR,SO2 1-hour 2010,1/25/2021,2021,25,Parts per billion,None,,24,100,,1.891667,,2.2,9,3,Y,,Illinois,Cook,Chicago,COM ED MAINTENANCE BLDG,7801 LAWNDALE,"Chicago-Naperville-Elgin, IL-IN-WI",AQS Data Mart
17,31,76,42401,1,41.7514,-87.713488,WGS84,Sulfur dioxide,1 HOUR,SO2 1-hour 2010,1/26/2021,2021,26,Parts per billion,None,,24,100,,1.829167,,2.1,13,3,Y,,Illinois,Cook,Chicago,COM ED MAINTENANCE BLDG,7801 LAWNDALE,"Chicago-Naperville-Elgin, IL-IN-WI",AQS Data Mart
17,31,76,42401,1,41.7514,-87.713488,WGS84,Sulfur dioxide,1 HOUR,SO2 1-hour 2010,1/27/2021,2021,27,Parts per billion,None,,19,79,,2.305263,,4.7,1,6,Y,,Illinois,Cook,Chicago,COM ED MAINTENANCE BLDG,7801 LAWNDALE,"Chicago-Naperville-Elgin, IL-IN-WI",AQS Data Mart
17,31,76,42401,1,41.7514,-87.713488,WGS84,Sulfur dioxide,1 HOUR,SO2 1-hour 2010,1/28/2021,2021,28,Parts per billion,None,,24,100,,2.295833,,3.5,8,4,Y,,Illinois,Cook,Chicago,COM ED MAINTENANCE BLDG,7801 LAWNDALE,"Chicago-Naperville-Elgin, IL-IN-WI",AQS Data Mart
17,31,76,42401,1,41.7514,-87.713488,WGS84,Sulfur dioxide,1 HOUR,SO2 1-hour 2010,1/29/2021,2021,29,Parts per billion,None,,24,100,,2.470833,,3.5,1,4,Y,,Illinois,Cook,Chicago,COM ED MAINTENANCE BLDG,7801 LAWNDALE,"Chicago-Naperville-Elgin, IL-IN-WI",AQS Data Mart
17,31,76,42401,1,41.7514,-87.713488,WGS84,Sulfur dioxide,1 HOUR,SO2 1-hour 2010,1/30/2021,2021,30,Parts per billion,None,,24,100,,2.104167,,3,6,4,Y,,Illinois,Cook,Chicago,COM ED MAINTENANCE BLDG,7801 LAWNDALE,"Chicago-Naperville-Elgin, IL-IN-WI",AQS Data Mart
17,31,76,42401,1,41.7514,-87.713488,WGS84,Sulfur dioxide,1 HOUR,SO2 1-hour 2010,1/31/2021,2021,31,Parts per billion,None,,24,100,,1.720833,,1.9,1,1,Y,,Illinois,Cook,Chicago,COM ED MAINTENANCE BLDG,7801 LAWNDALE,"Chicago-Naperville-Elgin, IL-IN-WI",AQS Data Mart
17,31,76,42401,1,41.7514,-87.713488,WGS84,Sulfur dioxide,1 HOUR,SO2 1-hour 2010,2/1/2021,2021,32,Parts per billion,None,,24,100,,1.9375,,2.5,23,3,Y,,Illinois,Cook,Chicago,COM ED MAINTENANCE BLDG,7801 LAWNDALE,"Chicago-Naperville-Elgin, IL-IN-WI",AQS Data Mart
17,31,76,42401,1,41.7514,-87.713488,WGS84,Sulfur dioxide,1 HOUR,SO2 1-hour 2010,2/2/2021,2021,33,Parts per billion,None,,23,96,,1.995652,,2.6,3,3,Y,,Illinois,Cook,Chicago,COM ED MAINTENANCE BLDG,7801 LAWNDALE,"Chicago-Naperville-Elgin, IL-IN-WI",AQS Data Mart
17,31,76,42401,1,41.7514,-87.713488,WGS84,Sulfur dioxide,1 HOUR,SO2 1-hour 2010,2/3/2021,2021,34,Parts per billion,None,,24,100,,2.108333,,3.4,10,4,Y,,Illinois,Cook,Chicago,COM ED MAINTENANCE BLDG,7801 LAWNDALE,"Chicago-Naperville-Elgin, IL-IN-WI",AQS Data Mart
17,31,76,42401,1,41.7514,-87.713488,WGS84,Sulfur dioxide,1 HOUR,SO2 1-hour 2010,2/4/2021,2021,35,Parts per billion,None,,24,100,,1.983333,,2.6,8,3,Y,,Illinois,Cook,Chicago,COM ED MAINTENANCE BLDG,7801 LAWNDALE,"Chicago-Naperville-Elgin, IL-IN-WI",AQS Data Mart
17,31,76,42401,1,41.7514,-87.713488,WGS84,Sulfur dioxide,1 HOUR,SO2 1-hour 2010,2/5/2021,2021,36,Parts per billion,None,,24,100,,1.6125,,2.3,11,3,Y,,Illinois,Cook,Chicago,COM ED MAINTENANCE BLDG,7801 LAWNDALE,"Chicago-Naperville-Elgin, IL-IN-WI",AQS Data Mart
17,31,76,42401,1,41.7514,-87.713488,WGS84,Sulfur dioxide,1 HOUR,SO2 1-hour 2010,2/6/2021,2021,37,Parts per billion,None,,24,100,,1.391667,,1.5,7,1,Y,,Illinois,Cook,Chicago,COM ED MAINTENANCE BLDG,7801 LAWNDALE,"Chicago-Naperville-Elgin, IL-IN-WI",AQS Data Mart
17,31,76,42401,1,41.7514,-87.713488,WGS84,Sulfur dioxide,1 HOUR,SO2 1-hour 2010,2/7/2021,2021,38,Parts per billion,None,,24,100,,1.670833,,3.1,23,4,Y,,Illinois,Cook,Chicago,COM ED MAINTENANCE BLDG,7801 LAWNDALE,"Chicago-Naperville-Elgin, IL-IN-WI",AQS Data Mart
17,31,76,42401,1,41.7514,-87.713488,WGS84,Sulfur dioxide,1 HOUR,SO2 1-hour 2010,2/8/2021,2021,39,Parts per billion,None,,24,100,,2.783333,,5.1,11,7,Y,,Illinois,Cook,Chicago,COM ED MAINTENANCE BLDG,7801 LAWNDALE,"Chicago-Naperville-Elgin, IL-IN-WI",AQS Data Mart
17,31,76,42401,1,41.7514,-87.713488,WGS84,Sulfur dioxide,1 HOUR,SO2 1-hour 2010,2/9/2021,2021,40,Parts per billion,None,,24,100,,2.358333,,4.6,9,6,Y,,Illinois,Cook,Chicago,COM ED MAINTENANCE BLDG,7801 LAWNDALE,"Chicago-Naperville-Elgin, IL-IN-WI",AQS Data Mart
17,31,76,42401,1,41.7514,-87.713488,WGS84,Sulfur dioxide,1 HOUR,SO2 1-hour 2010,2/10/2021,2021,41,Parts per billion,None,,24,100,,2.05,,3.2,10,4,Y,,Illinois,Cook,Chicago,COM ED MAINTENANCE BLDG,7801 LAWNDALE,"Chicago-Naperville-Elgin, IL-IN-WI",AQS Data Mart
17,31,76,42401,1,41.7514,-87.713488,WGS84,Sulfur dioxide,1 HOUR,SO2 1-hour 2010,2/11/2021,2021,42,Parts per billion,None,,24,100,,1.6625,,2,7,3,Y,,Illinois,Cook,Chicago,COM ED MAINTENANCE BLDG,7801 LAWNDALE,"Chicago-Naperville-Elgin, IL-IN-WI",AQS Data Mart
17,31,76,42401,1,41.7514,-87.713488,WGS84,Sulfur dioxide,1 HOUR,SO2 1-hour 2010,2/12/2021,2021,43,Parts per billion,None,,24,100,,1.629167,,2.1,8,3,Y,,Illinois,Cook,Chicago,COM ED MAINTENANCE BLDG,7801 LAWNDALE,"Chicago-Naperville-Elgin, IL-IN-WI",AQS Data Mart
17,31,76,42401,1,41.7514,-87.713488,WGS84,Sulfur dioxide,1 HOUR,SO2 1-hour 2010,2/13/2021,2021,44,Parts per billion,None,,24,100,,1.383333,,1.9,12,1,Y,,Illinois,Cook,Chicago,COM ED MAINTENANCE BLDG,7801 LAWNDALE,"Chicago-Naperville-Elgin, IL-IN-WI",AQS Data Mart
17,31,76,42401,1,41.7514,-87.713488,WGS84,Sulfur dioxide,1 HOUR,SO2 1-hour 2010,2/14/2021,2021,45,Parts per billion,None,,24,100,,1.3875,,1.9,12,1,Y,,Illinois,Cook,Chicago,COM ED MAINTENANCE BLDG,7801 LAWNDALE,"Chicago-Naperville-Elgin, IL-IN-WI",AQS Data Mart
17,31,76,42401,1,41.7514,-87.713488,WGS84,Sulfur dioxide,1 HOUR,SO2 1-hour 2010,2/15/2021,2021,46,Parts per billion,None,,24,100,,1.325,,1.7,13,1,Y,,Illinois,Cook,Chicago,COM ED MAINTENANCE BLDG,7801 LAWNDALE,"Chicago-Naperville-Elgin, IL-IN-WI",AQS Data Mart
17,31,76,42401,1,41.7514,-87.713488,WGS84,Sulfur dioxide,1 HOUR,SO2 1-hour 2010,2/16/2021,2021,47,Parts per billion,None,,24,100,,1.641667,,2.5,7,3,Y,,Illinois,Cook,Chicago,COM ED MAINTENANCE BLDG,7801 LAWNDALE,"Chicago-Naperville-Elgin, IL-IN-WI",AQS Data Mart
17,31,76,42401,1,41.7514,-87.713488,WGS84,Sulfur dioxide,1 HOUR,SO2 1-hour 2010,2/17/2021,2021,48,Parts per billion,None,,24,100,,3.120833,,10.4,17,14,Y,,Illinois,Cook,Chicago,COM ED MAINTENANCE BLDG,7801 LAWNDALE,"Chicago-Naperville-Elgin, IL-IN-WI",AQS Data Mart
17,31,76,42401,1,41.7514,-87.713488,WGS84,Sulfur dioxide,1 HOUR,SO2 1-hour 2010,2/18/2021,2021,49,Parts per billion,None,,24,100,,3.041667,,8.3,0,11,Y,,Illinois,Cook,Chicago,COM ED MAINTENANCE BLDG,7801 LAWNDALE,"Chicago-Naperville-Elgin, IL-IN-WI",AQS Data Mart
17,31,76,42401,1,41.7514,-87.713488,WGS84,Sulfur dioxide,1 HOUR,SO2 1-hour 2010,2/19/2021,2021,50,Parts per billion,None,,24,100,,1.683333,,2.4,1,3,Y,,Illinois,Cook,Chicago,COM ED MAINTENANCE BLDG,7801 LAWNDALE,"Chicago-Naperville-Elgin, IL-IN-WI",AQS Data Mart
17,31,76,42401,1,41.7514,-87.713488,WGS84,Sulfur dioxide,1 HOUR,SO2 1-hour 2010,2/20/2021,2021,51,Parts per billion,None,,24,100,,1.895833,,2.6,8,3,Y,,Illinois,Cook,Chicago,COM ED MAINTENANCE BLDG,7801 LAWNDALE,"Chicago-Naperville-Elgin, IL-IN-WI",AQS Data Mart
17,31,76,42401,1,41.7514,-87.713488,WGS84,Sulfur dioxide,1 HOUR,SO2 1-hour 2010,2/21/2021,2021,52,Parts per billion,None,,24,100,,1.979167,,2.5,9,3,Y,,Illinois,Cook,Chicago,COM ED MAINTENANCE BLDG,7801 LAWNDALE,"Chicago-Naperville-Elgin, IL-IN-WI",AQS Data Mart
17,31,76,42401,1,41.7514,-87.713488,WGS84,Sulfur dioxide,1 HOUR,SO2 1-hour 2010,2/22/2021,2021,53,Parts per billion,None,,24,100,,1.6375,,1.9,21,1,Y,,Illinois,Cook,Chicago,COM ED MAINTENANCE BLDG,7801 LAWNDALE,"Chicago-Naperville-Elgin, IL-IN-WI",AQS Data Mart
17,31,76,42401,1,41.7514,-87.713488,WGS84,Sulfur dioxide,1 HOUR,SO2 1-hour 2010,2/23/2021,2021,54,Parts per billion,None,,22,92,,1.890909,,2.2,12,3,Y,,Illinois,Cook,Chicago,COM ED MAINTENANCE BLDG,7801 LAWNDALE,"Chicago-Naperville-Elgin, IL-IN-WI",AQS Data Mart
17,31,76,42401,1,41.7514,-87.713488,WGS84,Sulfur dioxide,1 HOUR,SO2 1-hour 2010,2/24/2021,2021,55,Parts per billion,None,,24,100,,2.279167,,3.4,22,4,Y,,Illinois,Cook,Chicago,COM ED MAINTENANCE BLDG,7801 LAWNDALE,"Chicago-Naperville-Elgin, IL-IN-WI",AQS Data Mart
17,31,76,42401,1,41.7514,-87.713488,WGS84,Sulfur dioxide,1 HOUR,SO2 1-hour 2010,2/25/2021,2021,56,Parts per billion,None,,24,100,,2.366667,,4.3,6,6,Y,,Illinois,Cook,Chicago,COM ED MAINTENANCE BLDG,7801 LAWNDALE,"Chicago-Naperville-Elgin, IL-IN-WI",AQS Data Mart
17,31,76,42401,1,41.7514,-87.713488,WGS84,Sulfur dioxide,1 HOUR,SO2 1-hour 2010,2/26/2021,2021,57,Parts per billion,None,,24,100,,1.970833,,2.4,5,3,Y,,Illinois,Cook,Chicago,COM ED MAINTENANCE BLDG,7801 LAWNDALE,"Chicago-Naperville-Elgin, IL-IN-WI",AQS Data Mart
17,31,76,42401,1,41.7514,-87.713488,WGS84,Sulfur dioxide,1 HOUR,SO2 1-hour 2010,2/27/2021,2021,58,Parts per billion,None,,24,100,,1.904167,,2.3,14,3,Y,,Illinois,Cook,Chicago,COM ED MAINTENANCE BLDG,7801 LAWNDALE,"Chicago-Naperville-Elgin, IL-IN-WI",AQS Data Mart
17,31,76,42401,1,41.7514,-87.713488,WGS84,Sulfur dioxide,1 HOUR,SO2 1-hour 2010,2/28/2021,2021,59,Parts per billion,None,,24,100,,1.8125,,2,3,3,Y,,Illinois,Cook,Chicago,COM ED MAINTENANCE BLDG,7801 LAWNDALE,"Chicago-Naperville-Elgin, IL-IN-WI",AQS Data Mart
17,31,76,42401,1,41.7514,-87.713488,WGS84,Sulfur dioxide,1 HOUR,SO2 1-hour 2010,3/1/2021,2021,60,Parts per billion,None,,24,100,,1.933333,,2.9,8,3,Y,,Illinois,Cook,Chicago,COM ED MAINTENANCE BLDG,7801 LAWNDALE,"Chicago-Naperville-Elgin, IL-IN-WI",AQS Data Mart
17,31,76,42401,1,41.7514,-87.713488,WGS84,Sulfur dioxide,1 HOUR,SO2 1-hour 2010,3/2/2021,2021,61,Parts per billion,None,,24,100,,2.4,,3.7,4,4,Y,,Illinois,Cook,Chicago,COM ED MAINTENANCE BLDG,7801 LAWNDALE,"Chicago-Naperville-Elgin, IL-IN-WI",AQS Data Mart
17,31,76,42401,1,41.7514,-87.713488,WGS84,Sulfur dioxide,1 HOUR,SO2 1-hour 2010,3/3/2021,2021,62,Parts per billion,None,,24,100,,2.166667,,3.2,12,4,Y,,Illinois,Cook,Chicago,COM ED MAINTENANCE BLDG,7801 LAWNDALE,"Chicago-Naperville-Elgin, IL-IN-WI",AQS Data Mart
17,31,76,42401,1,41.7514,-87.713488,WGS84,Sulfur dioxide,1 HOUR,SO2 1-hour 2010,3/4/2021,2021,63,Parts per billion,None,,24,100,,1.654167,,1.8,1,1,Y,,Illinois,Cook,Chicago,COM ED MAINTENANCE BLDG,7801 LAWNDALE,"Chicago-Naperville-Elgin, IL-IN-WI",AQS Data Mart
17,31,76,42401,1,41.7514,-87.713488,WGS84,Sulfur dioxide,1 HOUR,SO2 1-hour 2010,3/5/2021,2021,64,Parts per billion,None,,23,96,,2.434783,,4.3,8,6,Y,,Illinois,Cook,Chicago,COM ED MAINTENANCE BLDG,7801 LAWNDALE,"Chicago-Naperville-Elgin, IL-IN-WI",AQS Data Mart
17,31,76,42401,1,41.7514,-87.713488,WGS84,Sulfur dioxide,1 HOUR,SO2 1-hour 2010,3/6/2021,2021,65,Parts per billion,None,,24,100,,2.633333,,4.2,4,6,Y,,Illinois,Cook,Chicago,COM ED MAINTENANCE BLDG,7801 LAWNDALE,"Chicago-Naperville-Elgin, IL-IN-WI",AQS Data Mart
17,31,76,42401,1,41.7514,-87.713488,WGS84,Sulfur dioxide,1 HOUR,SO2 1-hour 2010,3/7/2021,2021,66,Parts per billion,None,,24,100,,2.254167,,3.9,2,4,Y,,Illinois,Cook,Chicago,COM ED MAINTENANCE BLDG,7801 LAWNDALE,"Chicago-Naperville-Elgin, IL-IN-WI",AQS Data Mart
17,31,76,42401,1,41.7514,-87.713488,WGS84,Sulfur dioxide,1 HOUR,SO2 1-hour 2010,3/8/2021,2021,67,Parts per billion,None,,24,100,,2.083333,,3.1,20,4,Y,,Illinois,Cook,Chicago,COM ED MAINTENANCE BLDG,7801 LAWNDALE,"Chicago-Naperville-Elgin, IL-IN-WI",AQS Data Mart
17,31,76,42401,1,41.7514,-87.713488,WGS84,Sulfur dioxide,1 HOUR,SO2 1-hour 2010,3/9/2021,2021,68,Parts per billion,None,,24,100,,2.3,,6,6,9,Y,,Illinois,Cook,Chicago,COM ED MAINTENANCE BLDG,7801 LAWNDALE,"Chicago-Naperville-Elgin, IL-IN-WI",AQS Data Mart
17,31,76,42401,1,41.7514,-87.713488,WGS84,Sulfur dioxide,1 HOUR,SO2 1-hour 2010,3/10/2021,2021,69,Parts per billion,None,,24,100,,1.895833,,2.1,11,3,Y,,Illinois,Cook,Chicago,COM ED MAINTENANCE BLDG,7801 LAWNDALE,"Chicago-Naperville-Elgin, IL-IN-WI",AQS Data Mart
17,31,76,42401,1,41.7514,-87.713488,WGS84,Sulfur dioxide,1 HOUR,SO2 1-hour 2010,3/11/2021,2021,70,Parts per billion,None,,22,92,,1.7,,1.9,19,1,Y,,Illinois,Cook,Chicago,COM ED MAINTENANCE BLDG,7801 LAWNDALE,"Chicago-Naperville-Elgin, IL-IN-WI",AQS Data Mart
17,31,76,42401,1,41.7514,-87.713488,WGS84,Sulfur dioxide,1 HOUR,SO2 1-hour 2010,3/12/2021,2021,71,Parts per billion,None,,24,100,,2.083333,,3.1,11,4,Y,,Illinois,Cook,Chicago,COM ED MAINTENANCE BLDG,7801 LAWNDALE,"Chicago-Naperville-Elgin, IL-IN-WI",AQS Data Mart
17,31,76,42401,1,41.7514,-87.713488,WGS84,Sulfur dioxide,1 HOUR,SO2 1-hour 2010,3/13/2021,2021,72,Parts per billion,None,,24,100,,2.370833,,3.4,6,4,Y,,Illinois,Cook,Chicago,COM ED MAINTENANCE BLDG,7801 LAWNDALE,"Chicago-Naperville-Elgin, IL-IN-WI",AQS Data Mart
17,31,76,42401,1,41.7514,-87.713488,WGS84,Sulfur dioxide,1 HOUR,SO2 1-hour 2010,3/14/2021,2021,73,Parts per billion,None,,24,100,,1.891667,,2.6,5,3,Y,,Illinois,Cook,Chicago,COM ED MAINTENANCE BLDG,7801 LAWNDALE,"Chicago-Naperville-Elgin, IL-IN-WI",AQS Data Mart
17,31,76,42401,1,41.7514,-87.713488,WGS84,Sulfur dioxide,1 HOUR,SO2 1-hour 2010,3/15/2021,2021,74,Parts per billion,None,,24,100,,2.729167,,5.3,8,7,Y,,Illinois,Cook,Chicago,COM ED MAINTENANCE BLDG,7801 LAWNDALE,"Chicago-Naperville-Elgin, IL-IN-WI",AQS Data Mart
17,31,76,42401,1,41.7514,-87.713488,WGS84,Sulfur dioxide,1 HOUR,SO2 1-hour 2010,3/16/2021,2021,75,Parts per billion,None,,24,100,,1.879167,,2.2,11,3,Y,,Illinois,Cook,Chicago,COM ED MAINTENANCE BLDG,7801 LAWNDALE,"Chicago-Naperville-Elgin, IL-IN-WI",AQS Data Mart
17,31,76,42401,1,41.7514,-87.713488,WGS84,Sulfur dioxide,1 HOUR,SO2 1-hour 2010,3/17/2021,2021,76,Parts per billion,None,,24,100,,2.091667,,3,9,4,Y,,Illinois,Cook,Chicago,COM ED MAINTENANCE BLDG,7801 LAWNDALE,"Chicago-Naperville-Elgin, IL-IN-WI",AQS Data Mart
17,31,76,42401,1,41.7514,-87.713488,WGS84,Sulfur dioxide,1 HOUR,SO2 1-hour 2010,3/18/2021,2021,77,Parts per billion,None,,22,92,,1.781818,,1.9,6,1,Y,,Illinois,Cook,Chicago,COM ED MAINTENANCE BLDG,7801 LAWNDALE,"Chicago-Naperville-Elgin, IL-IN-WI",AQS Data Mart
17,31,76,42401,1,41.7514,-87.713488,WGS84,Sulfur dioxide,1 HOUR,SO2 1-hour 2010,3/19/2021,2021,78,Parts per billion,None,,24,100,,1.775,,2,2,3,Y,,Illinois,Cook,Chicago,COM ED MAINTENANCE BLDG,7801 LAWNDALE,"Chicago-Naperville-Elgin, IL-IN-WI",AQS Data Mart
17,31,76,42401,1,41.7514,-87.713488,WGS84,Sulfur dioxide,1 HOUR,SO2 1-hour 2010,3/20/2021,2021,79,Parts per billion,None,,24,100,,2.6625,,5.9,20,7,Y,,Illinois,Cook,Chicago,COM ED MAINTENANCE BLDG,7801 LAWNDALE,"Chicago-Naperville-Elgin, IL-IN-WI",AQS Data Mart
17,31,76,42401,1,41.7514,-87.713488,WGS84,Sulfur dioxide,1 HOUR,SO2 1-hour 2010,3/21/2021,2021,80,Parts per billion,None,,24,100,,2.1375,,3,8,4,Y,,Illinois,Cook,Chicago,COM ED MAINTENANCE BLDG,7801 LAWNDALE,"Chicago-Naperville-Elgin, IL-IN-WI",AQS Data Mart
17,31,76,42401,1,41.7514,-87.713488,WGS84,Sulfur dioxide,1 HOUR,SO2 1-hour 2010,3/22/2021,2021,81,Parts per billion,None,,24,100,,2.245833,,3.4,10,4,Y,,Illinois,Cook,Chicago,COM ED MAINTENANCE BLDG,7801 LAWNDALE,"Chicago-Naperville-Elgin, IL-IN-WI",AQS Data Mart
17,31,76,42401,1,41.7514,-87.713488,WGS84,Sulfur dioxide,1 HOUR,SO2 1-hour 2010,3/23/2021,2021,82,Parts per billion,None,,24,100,,2.383333,,3.2,10,4,Y,,Illinois,Cook,Chicago,COM ED MAINTENANCE BLDG,7801 LAWNDALE,"Chicago-Naperville-Elgin, IL-IN-WI",AQS Data Mart
17,31,76,42401,1,41.7514,-87.713488,WGS84,Sulfur dioxide,1 HOUR,SO2 1-hour 2010,3/24/2021,2021,83,Parts per billion,None,,24,100,,1.995833,,2.2,8,3,Y,,Illinois,Cook,Chicago,COM ED MAINTENANCE BLDG,7801 LAWNDALE,"Chicago-Naperville-Elgin, IL-IN-WI",AQS Data Mart
17,31,76,42401,1,41.7514,-87.713488,WGS84,Sulfur dioxide,1 HOUR,SO2 1-hour 2010,3/25/2021,2021,84,Parts per billion,None,,23,96,,1.921739,,2.5,9,3,Y,,Illinois,Cook,Chicago,COM ED MAINTENANCE BLDG,7801 LAWNDALE,"Chicago-Naperville-Elgin, IL-IN-WI",AQS Data Mart
17,31,76,42401,1,41.7514,-87.713488,WGS84,Sulfur dioxide,1 HOUR,SO2 1-hour 2010,3/26/2021,2021,85,Parts per billion,None,,24,100,,2.504167,,4.1,20,6,Y,,Illinois,Cook,Chicago,COM ED MAINTENANCE BLDG,7801 LAWNDALE,"Chicago-Naperville-Elgin, IL-IN-WI",AQS Data Mart
17,31,76,42401,1,41.7514,-87.713488,WGS84,Sulfur dioxide,1 HOUR,SO2 1-hour 2010,3/27/2021,2021,86,Parts per billion,None,,24,100,,2.708333,,4.9,2,6,Y,,Illinois,Cook,Chicago,COM ED MAINTENANCE BLDG,7801 LAWNDALE,"Chicago-Naperville-Elgin, IL-IN-WI",AQS Data Mart
17,31,76,42401,1,41.7514,-87.713488,WGS84,Sulfur dioxide,1 HOUR,SO2 1-hour 2010,3/28/2021,2021,87,Parts per billion,None,,24,100,,1.970833,,2.2,18,3,Y,,Illinois,Cook,Chicago,COM ED MAINTENANCE BLDG,7801 LAWNDALE,"Chicago-Naperville-Elgin, IL-IN-WI",AQS Data Mart
17,31,76,42401,1,41.7514,-87.713488,WGS84,Sulfur dioxide,1 HOUR,SO2 1-hour 2010,3/29/2021,2021,88,Parts per billion,None,,24,100,,2.333333,,3,20,4,Y,,Illinois,Cook,Chicago,COM ED MAINTENANCE BLDG,7801 LAWNDALE,"Chicago-Naperville-Elgin, IL-IN-WI",AQS Data Mart
17,31,76,42401,1,41.7514,-87.713488,WGS84,Sulfur dioxide,1 HOUR,SO2 1-hour 2010,3/30/2021,2021,89,Parts per billion,None,,24,100,,2.270833,,2.8,12,3,Y,,Illinois,Cook,Chicago,COM ED MAINTENANCE BLDG,7801 LAWNDALE,"Chicago-Naperville-Elgin, IL-IN-WI",AQS Data Mart
17,31,76,42401,1,41.7514,-87.713488,WGS84,Sulfur dioxide,1 HOUR,SO2 1-hour 2010,3/31/2021,2021,90,Parts per billion,None,,24,100,,1.866667,,2.4,6,3,Y,,Illinois,Cook,Chicago,COM ED MAINTENANCE BLDG,7801 LAWNDALE,"Chicago-Naperville-Elgin, IL-IN-WI",AQS Data Mart
17,31,76,42401,1,41.7514,-87.713488,WGS84,Sulfur dioxide,1 HOUR,SO2 1-hour 2010,4/1/2021,2021,91,Parts per billion,None,,23,96,,1.886957,,2.7,18,3,Y,,Illinois,Cook,Chicago,COM ED MAINTENANCE BLDG,7801 LAWNDALE,"Chicago-Naperville-Elgin, IL-IN-WI",AQS Data Mart
17,31,76,42401,1,41.7514,-87.713488,WGS84,Sulfur dioxide,1 HOUR,SO2 1-hour 2010,4/2/2021,2021,92,Parts per billion,None,,24,100,,2.2625,,4.4,8,6,Y,,Illinois,Cook,Chicago,COM ED MAINTENANCE BLDG,7801 LAWNDALE,"Chicago-Naperville-Elgin, IL-IN-WI",AQS Data Mart
17,31,76,42401,1,41.7514,-87.713488,WGS84,Sulfur dioxide,1 HOUR,SO2 1-hour 2010,4/3/2021,2021,93,Parts per billion,None,,24,100,,2.3375,,2.9,21,3,Y,,Illinois,Cook,Chicago,COM ED MAINTENANCE BLDG,7801 LAWNDALE,"Chicago-Naperville-Elgin, IL-IN-WI",AQS Data Mart
17,31,76,42401,1,41.7514,-87.713488,WGS84,Sulfur dioxide,1 HOUR,SO2 1-hour 2010,4/4/2021,2021,94,Parts per billion,None,,24,100,,2.35,,4.1,11,6,Y,,Illinois,Cook,Chicago,COM ED MAINTENANCE BLDG,7801 LAWNDALE,"Chicago-Naperville-Elgin, IL-IN-WI",AQS Data Mart
17,31,76,42401,1,41.7514,-87.713488,WGS84,Sulfur dioxide,1 HOUR,SO2 1-hour 2010,4/5/2021,2021,95,Parts per billion,None,,24,100,,2.216667,,2.4,8,3,Y,,Illinois,Cook,Chicago,COM ED MAINTENANCE BLDG,7801 LAWNDALE,"Chicago-Naperville-Elgin, IL-IN-WI",AQS Data Mart
17,31,76,42401,1,41.7514,-87.713488,WGS84,Sulfur dioxide,1 HOUR,SO2 1-hour 2010,4/6/2021,2021,96,Parts per billion,None,,24,100,,2.2375,,2.5,7,3,Y,,Illinois,Cook,Chicago,COM ED MAINTENANCE BLDG,7801 LAWNDALE,"Chicago-Naperville-Elgin, IL-IN-WI",AQS Data Mart
17,31,76,42401,1,41.7514,-87.713488,WGS84,Sulfur dioxide,1 HOUR,SO2 1-hour 2010,4/7/2021,2021,97,Parts per billion,None,,24,100,,2.208333,,2.4,6,3,Y,,Illinois,Cook,Chicago,COM ED MAINTENANCE BLDG,7801 LAWNDALE,"Chicago-Naperville-Elgin, IL-IN-WI",AQS Data Mart
17,31,76,42401,1,41.7514,-87.713488,WGS84,Sulfur dioxide,1 HOUR,SO2 1-hour 2010,4/8/2021,2021,98,Parts per billion,None,,23,96,,2.108696,,2.4,9,3,Y,,Illinois,Cook,Chicago,COM ED MAINTENANCE BLDG,7801 LAWNDALE,"Chicago-Naperville-Elgin, IL-IN-WI",AQS Data Mart
17,31,76,42401,1,41.7514,-87.713488,WGS84,Sulfur dioxide,1 HOUR,SO2 1-hour 2010,4/9/2021,2021,99,Parts per billion,None,,24,100,,2.066667,,2.3,22,3,Y,,Illinois,Cook,Chicago,COM ED MAINTENANCE BLDG,7801 LAWNDALE,"Chicago-Naperville-Elgin, IL-IN-WI",AQS Data Mart
17,31,76,42401,1,41.7514,-87.713488,WGS84,Sulfur dioxide,1 HOUR,SO2 1-hour 2010,4/10/2021,2021,100,Parts per billion,None,,24,100,,2.179167,,2.9,5,3,Y,,Illinois,Cook,Chicago,COM ED MAINTENANCE BLDG,7801 LAWNDALE,"Chicago-Naperville-Elgin, IL-IN-WI",AQS Data Mart
17,31,76,42401,1,41.7514,-87.713488,WGS84,Sulfur dioxide,1 HOUR,SO2 1-hour 2010,4/11/2021,2021,101,Parts per billion,None,,24,100,,2.191667,,2.7,12,3,Y,,Illinois,Cook,Chicago,COM ED MAINTENANCE BLDG,7801 LAWNDALE,"Chicago-Naperville-Elgin, IL-IN-WI",AQS Data Mart
17,31,76,42401,1,41.7514,-87.713488,WGS84,Sulfur dioxide,1 HOUR,SO2 1-hour 2010,4/12/2021,2021,102,Parts per billion,None,,24,100,,2.0125,,2.2,9,3,Y,,Illinois,Cook,Chicago,COM ED MAINTENANCE BLDG,7801 LAWNDALE,"Chicago-Naperville-Elgin, IL-IN-WI",AQS Data Mart
17,31,76,42401,1,41.7514,-87.713488,WGS84,Sulfur dioxide,1 HOUR,SO2 1-hour 2010,4/13/2021,2021,103,Parts per billion,None,,24,100,,1.933333,,2.1,6,3,Y,,Illinois,Cook,Chicago,COM ED MAINTENANCE BLDG,7801 LAWNDALE,"Chicago-Naperville-Elgin, IL-IN-WI",AQS Data Mart
17,31,76,42401,1,41.7514,-87.713488,WGS84,Sulfur dioxide,1 HOUR,SO2 1-hour 2010,4/14/2021,2021,104,Parts per billion,None,,24,100,,1.908333,,2.1,5,3,Y,,Illinois,Cook,Chicago,COM ED MAINTENANCE BLDG,7801 LAWNDALE,"Chicago-Naperville-Elgin, IL-IN-WI",AQS Data Mart
17,31,76,42401,1,41.7514,-87.713488,WGS84,Sulfur dioxide,1 HOUR,SO2 1-hour 2010,4/15/2021,2021,105,Parts per billion,None,,23,96,,1.982609,,2.4,10,3,Y,,Illinois,Cook,Chicago,COM ED MAINTENANCE BLDG,7801 LAWNDALE,"Chicago-Naperville-Elgin, IL-IN-WI",AQS Data Mart
17,31,76,42401,1,41.7514,-87.713488,WGS84,Sulfur dioxide,1 HOUR,SO2 1-hour 2010,4/16/2021,2021,106,Parts per billion,None,,24,100,,2.0375,,2.3,3,3,Y,,Illinois,Cook,Chicago,COM ED MAINTENANCE BLDG,7801 LAWNDALE,"Chicago-Naperville-Elgin, IL-IN-WI",AQS Data Mart
17,31,76,42401,1,41.7514,-87.713488,WGS84,Sulfur dioxide,1 HOUR,SO2 1-hour 2010,4/17/2021,2021,107,Parts per billion,None,,24,100,,1.983333,,2.2,14,3,Y,,Illinois,Cook,Chicago,COM ED MAINTENANCE BLDG,7801 LAWNDALE,"Chicago-Naperville-Elgin, IL-IN-WI",AQS Data Mart
17,31,76,42401,1,41.7514,-87.713488,WGS84,Sulfur dioxide,1 HOUR,SO2 1-hour 2010,4/18/2021,2021,108,Parts per billion,None,,24,100,,2.416667,,4.2,7,6,Y,,Illinois,Cook,Chicago,COM ED MAINTENANCE BLDG,7801 LAWNDALE,"Chicago-Naperville-Elgin, IL-IN-WI",AQS Data Mart
17,31,76,42401,1,41.7514,-87.713488,WGS84,Sulfur dioxide,1 HOUR,SO2 1-hour 2010,4/19/2021,2021,109,Parts per billion,None,,24,100,,1.9875,,2.2,6,3,Y,,Illinois,Cook,Chicago,COM ED MAINTENANCE BLDG,7801 LAWNDALE,"Chicago-Naperville-Elgin, IL-IN-WI",AQS Data Mart
17,31,76,42401,1,41.7514,-87.713488,WGS84,Sulfur dioxide,1 HOUR,SO2 1-hour 2010,4/20/2021,2021,110,Parts per billion,None,,24,100,,1.920833,,2.1,0,3,Y,,Illinois,Cook,Chicago,COM ED MAINTENANCE BLDG,7801 LAWNDALE,"Chicago-Naperville-Elgin, IL-IN-WI",AQS Data Mart
17,31,76,42401,1,41.7514,-87.713488,WGS84,Sulfur dioxide,1 HOUR,SO2 1-hour 2010,4/21/2021,2021,111,Parts per billion,None,,24,100,,1.920833,,2.1,8,3,Y,,Illinois,Cook,Chicago,COM ED MAINTENANCE BLDG,7801 LAWNDALE,"Chicago-Naperville-Elgin, IL-IN-WI",AQS Data Mart
17,31,76,42401,1,41.7514,-87.713488,WGS84,Sulfur dioxide,1 HOUR,SO2 1-hour 2010,4/22/2021,2021,112,Parts per billion,None,,22,92,,2.159091,,2.8,7,3,Y,,Illinois,Cook,Chicago,COM ED MAINTENANCE BLDG,7801 LAWNDALE,"Chicago-Naperville-Elgin, IL-IN-WI",AQS Data Mart
17,31,76,42401,1,41.7514,-87.713488,WGS84,Sulfur dioxide,1 HOUR,SO2 1-hour 2010,4/23/2021,2021,113,Parts per billion,None,,24,100,,2.129167,,2.9,10,3,Y,,Illinois,Cook,Chicago,COM ED MAINTENANCE BLDG,7801 LAWNDALE,"Chicago-Naperville-Elgin, IL-IN-WI",AQS Data Mart
17,31,76,42401,1,41.7514,-87.713488,WGS84,Sulfur dioxide,1 HOUR,SO2 1-hour 2010,4/24/2021,2021,114,Parts per billion,None,,24,100,,2.125,,2.7,15,3,Y,,Illinois,Cook,Chicago,COM ED MAINTENANCE BLDG,7801 LAWNDALE,"Chicago-Naperville-Elgin, IL-IN-WI",AQS Data Mart
17,31,76,42401,1,41.7514,-87.713488,WGS84,Sulfur dioxide,1 HOUR,SO2 1-hour 2010,4/25/2021,2021,115,Parts per billion,None,,24,100,,1.879167,,2,8,3,Y,,Illinois,Cook,Chicago,COM ED MAINTENANCE BLDG,7801 LAWNDALE,"Chicago-Naperville-Elgin, IL-IN-WI",AQS Data Mart
17,31,76,42401,1,41.7514,-87.713488,WGS84,Sulfur dioxide,1 HOUR,SO2 1-hour 2010,4/26/2021,2021,116,Parts per billion,None,,24,100,,2.379167,,3.3,3,4,Y,,Illinois,Cook,Chicago,COM ED MAINTENANCE BLDG,7801 LAWNDALE,"Chicago-Naperville-Elgin, IL-IN-WI",AQS Data Mart
17,31,76,42401,1,41.7514,-87.713488,WGS84,Sulfur dioxide,1 HOUR,SO2 1-hour 2010,4/27/2021,2021,117,Parts per billion,None,,24,100,,2.520833,,2.9,14,3,Y,,Illinois,Cook,Chicago,COM ED MAINTENANCE BLDG,7801 LAWNDALE,"Chicago-Naperville-Elgin, IL-IN-WI",AQS Data Mart
17,31,76,42401,1,41.7514,-87.713488,WGS84,Sulfur dioxide,1 HOUR,SO2 1-hour 2010,4/28/2021,2021,118,Parts per billion,None,,24,100,,1.975,,2.2,0,3,Y,,Illinois,Cook,Chicago,COM ED MAINTENANCE BLDG,7801 LAWNDALE,"Chicago-Naperville-Elgin, IL-IN-WI",AQS Data Mart
17,31,76,42401,1,41.7514,-87.713488,WGS84,Sulfur dioxide,1 HOUR,SO2 1-hour 2010,4/29/2021,2021,119,Parts per billion,None,,22,92,,2.118182,,2.7,18,3,Y,,Illinois,Cook,Chicago,COM ED MAINTENANCE BLDG,7801 LAWNDALE,"Chicago-Naperville-Elgin, IL-IN-WI",AQS Data Mart
17,31,76,42401,1,41.7514,-87.713488,WGS84,Sulfur dioxide,1 HOUR,SO2 1-hour 2010,4/30/2021,2021,120,Parts per billion,None,,24,100,,2.1125,,3.6,23,4,Y,,Illinois,Cook,Chicago,COM ED MAINTENANCE BLDG,7801 LAWNDALE,"Chicago-Naperville-Elgin, IL-IN-WI",AQS Data Mart
17,31,76,42401,1,41.7514,-87.713488,WGS84,Sulfur dioxide,1 HOUR,SO2 1-hour 2010,5/1/2021,2021,121,Parts per billion,None,,24,100,,2.4125,,3.7,0,4,Y,,Illinois,Cook,Chicago,COM ED MAINTENANCE BLDG,7801 LAWNDALE,"Chicago-Naperville-Elgin, IL-IN-WI",AQS Data Mart
17,31,76,42401,1,41.7514,-87.713488,WGS84,Sulfur dioxide,1 HOUR,SO2 1-hour 2010,5/2/2021,2021,122,Parts per billion,None,,24,100,,2.379167,,2.9,17,3,Y,,Illinois,Cook,Chicago,COM ED MAINTENANCE BLDG,7801 LAWNDALE,"Chicago-Naperville-Elgin, IL-IN-WI",AQS Data Mart
17,31,76,42401,1,41.7514,-87.713488,WGS84,Sulfur dioxide,1 HOUR,SO2 1-hour 2010,5/3/2021,2021,123,Parts per billion,None,,24,100,,2.120833,,2.2,1,3,Y,,Illinois,Cook,Chicago,COM ED MAINTENANCE BLDG,7801 LAWNDALE,"Chicago-Naperville-Elgin, IL-IN-WI",AQS Data Mart
17,31,76,42401,1,41.7514,-87.713488,WGS84,Sulfur dioxide,1 HOUR,SO2 1-hour 2010,5/4/2021,2021,124,Parts per billion,None,,24,100,,2.016667,,2.2,5,3,Y,,Illinois,Cook,Chicago,COM ED MAINTENANCE BLDG,7801 LAWNDALE,"Chicago-Naperville-Elgin, IL-IN-WI",AQS Data Mart
17,31,76,42401,1,41.7514,-87.713488,WGS84,Sulfur dioxide,1 HOUR,SO2 1-hour 2010,5/5/2021,2021,125,Parts per billion,None,,24,100,,2.241667,,4.8,23,6,Y,,Illinois,Cook,Chicago,COM ED MAINTENANCE BLDG,7801 LAWNDALE,"Chicago-Naperville-Elgin, IL-IN-WI",AQS Data Mart
17,31,76,42401,1,41.7514,-87.713488,WGS84,Sulfur dioxide,1 HOUR,SO2 1-hour 2010,5/6/2021,2021,126,Parts per billion,None,,24,100,,2.108333,,2.5,0,3,Y,,Illinois,Cook,Chicago,COM ED MAINTENANCE BLDG,7801 LAWNDALE,"Chicago-Naperville-Elgin, IL-IN-WI",AQS Data Mart
17,31,76,42401,1,41.7514,-87.713488,WGS84,Sulfur dioxide,1 HOUR,SO2 1-hour 2010,5/7/2021,2021,127,Parts per billion,None,,24,100,,2.020833,,2.4,0,3,Y,,Illinois,Cook,Chicago,COM ED MAINTENANCE BLDG,7801 LAWNDALE,"Chicago-Naperville-Elgin, IL-IN-WI",AQS Data Mart
17,31,76,42401,1,41.7514,-87.713488,WGS84,Sulfur dioxide,1 HOUR,SO2 1-hour 2010,5/8/2021,2021,128,Parts per billion,None,,24,100,,2.054167,,2.8,4,3,Y,,Illinois,Cook,Chicago,COM ED MAINTENANCE BLDG,7801 LAWNDALE,"Chicago-Naperville-Elgin, IL-IN-WI",AQS Data Mart
17,31,76,42401,1,41.7514,-87.713488,WGS84,Sulfur dioxide,1 HOUR,SO2 1-hour 2010,5/9/2021,2021,129,Parts per billion,None,,24,100,,1.9875,,2.5,23,3,Y,,Illinois,Cook,Chicago,COM ED MAINTENANCE BLDG,7801 LAWNDALE,"Chicago-Naperville-Elgin, IL-IN-WI",AQS Data Mart
17,31,76,42401,1,41.7514,-87.713488,WGS84,Sulfur dioxide,1 HOUR,SO2 1-hour 2010,5/10/2021,2021,130,Parts per billion,None,,24,100,,2.079167,,2.6,0,3,Y,,Illinois,Cook,Chicago,COM ED MAINTENANCE BLDG,7801 LAWNDALE,"Chicago-Naperville-Elgin, IL-IN-WI",AQS Data Mart
17,31,76,42401,1,41.7514,-87.713488,WGS84,Sulfur dioxide,1 HOUR,SO2 1-hour 2010,5/11/2021,2021,131,Parts per billion,None,,21,88,,2.019048,,3.3,5,4,Y,,Illinois,Cook,Chicago,COM ED MAINTENANCE BLDG,7801 LAWNDALE,"Chicago-Naperville-Elgin, IL-IN-WI",AQS Data Mart
17,31,76,42401,1,41.7514,-87.713488,WGS84,Sulfur dioxide,1 HOUR,SO2 1-hour 2010,5/12/2021,2021,132,Parts per billion,None,,24,100,,2.358333,,3.6,3,4,Y,,Illinois,Cook,Chicago,COM ED MAINTENANCE BLDG,7801 LAWNDALE,"Chicago-Naperville-Elgin, IL-IN-WI",AQS Data Mart
17,31,76,42401,1,41.7514,-87.713488,WGS84,Sulfur dioxide,1 HOUR,SO2 1-hour 2010,5/13/2021,2021,133,Parts per billion,None,,22,92,,2.781818,,4.9,7,6,Y,,Illinois,Cook,Chicago,COM ED MAINTENANCE BLDG,7801 LAWNDALE,"Chicago-Naperville-Elgin, IL-IN-WI",AQS Data Mart
17,31,76,42401,1,41.7514,-87.713488,WGS84,Sulfur dioxide,1 HOUR,SO2 1-hour 2010,5/14/2021,2021,134,Parts per billion,None,,24,100,,2.708333,,5.8,21,7,Y,,Illinois,Cook,Chicago,COM ED MAINTENANCE BLDG,7801 LAWNDALE,"Chicago-Naperville-Elgin, IL-IN-WI",AQS Data Mart
17,31,76,42401,1,41.7514,-87.713488,WGS84,Sulfur dioxide,1 HOUR,SO2 1-hour 2010,5/15/2021,2021,135,Parts per billion,None,,24,100,,2.1875,,3.2,0,4,Y,,Illinois,Cook,Chicago,COM ED MAINTENANCE BLDG,7801 LAWNDALE,"Chicago-Naperville-Elgin, IL-IN-WI",AQS Data Mart
17,31,76,42401,1,41.7514,-87.713488,WGS84,Sulfur dioxide,1 HOUR,SO2 1-hour 2010,5/16/2021,2021,136,Parts per billion,None,,24,100,,2.954167,,8.2,15,11,Y,,Illinois,Cook,Chicago,COM ED MAINTENANCE BLDG,7801 LAWNDALE,"Chicago-Naperville-Elgin, IL-IN-WI",AQS Data Mart
17,31,76,42401,1,41.7514,-87.713488,WGS84,Sulfur dioxide,1 HOUR,SO2 1-hour 2010,5/17/2021,2021,137,Parts per billion,None,,24,100,,2.354167,,3,14,4,Y,,Illinois,Cook,Chicago,COM ED MAINTENANCE BLDG,7801 LAWNDALE,"Chicago-Naperville-Elgin, IL-IN-WI",AQS Data Mart
17,31,76,42401,1,41.7514,-87.713488,WGS84,Sulfur dioxide,1 HOUR,SO2 1-hour 2010,5/18/2021,2021,138,Parts per billion,None,,24,100,,2.233333,,2.6,0,3,Y,,Illinois,Cook,Chicago,COM ED MAINTENANCE BLDG,7801 LAWNDALE,"Chicago-Naperville-Elgin, IL-IN-WI",AQS Data Mart
17,31,76,42401,1,41.7514,-87.713488,WGS84,Sulfur dioxide,1 HOUR,SO2 1-hour 2010,5/19/2021,2021,139,Parts per billion,None,,24,100,,2.016667,,2.2,19,3,Y,,Illinois,Cook,Chicago,COM ED MAINTENANCE BLDG,7801 LAWNDALE,"Chicago-Naperville-Elgin, IL-IN-WI",AQS Data Mart
17,31,76,42401,1,41.7514,-87.713488,WGS84,Sulfur dioxide,1 HOUR,SO2 1-hour 2010,5/20/2021,2021,140,Parts per billion,None,,24,100,,2.0625,,2.3,19,3,Y,,Illinois,Cook,Chicago,COM ED MAINTENANCE BLDG,7801 LAWNDALE,"Chicago-Naperville-Elgin, IL-IN-WI",AQS Data Mart
17,31,76,42401,1,41.7514,-87.713488,WGS84,Sulfur dioxide,1 HOUR,SO2 1-hour 2010,5/21/2021,2021,141,Parts per billion,None,,24,100,,2.125,,2.5,18,3,Y,,Illinois,Cook,Chicago,COM ED MAINTENANCE BLDG,7801 LAWNDALE,"Chicago-Naperville-Elgin, IL-IN-WI",AQS Data Mart
17,31,76,42401,1,41.7514,-87.713488,WGS84,Sulfur dioxide,1 HOUR,SO2 1-hour 2010,5/22/2021,2021,142,Parts per billion,None,,24,100,,2.308333,,3,8,4,Y,,Illinois,Cook,Chicago,COM ED MAINTENANCE BLDG,7801 LAWNDALE,"Chicago-Naperville-Elgin, IL-IN-WI",AQS Data Mart
17,31,76,42401,1,41.7514,-87.713488,WGS84,Sulfur dioxide,1 HOUR,SO2 1-hour 2010,5/23/2021,2021,143,Parts per billion,None,,24,100,,2.045833,,2.3,14,3,Y,,Illinois,Cook,Chicago,COM ED MAINTENANCE BLDG,7801 LAWNDALE,"Chicago-Naperville-Elgin, IL-IN-WI",AQS Data Mart
17,31,76,42401,1,41.7514,-87.713488,WGS84,Sulfur dioxide,1 HOUR,SO2 1-hour 2010,5/24/2021,2021,144,Parts per billion,None,,24,100,,2.283333,,3.1,9,4,Y,,Illinois,Cook,Chicago,COM ED MAINTENANCE BLDG,7801 LAWNDALE,"Chicago-Naperville-Elgin, IL-IN-WI",AQS Data Mart
17,31,76,42401,1,41.7514,-87.713488,WGS84,Sulfur dioxide,1 HOUR,SO2 1-hour 2010,5/25/2021,2021,145,Parts per billion,None,,24,100,,2.445833,,3.1,6,4,Y,,Illinois,Cook,Chicago,COM ED MAINTENANCE BLDG,7801 LAWNDALE,"Chicago-Naperville-Elgin, IL-IN-WI",AQS Data Mart
17,31,76,42401,1,41.7514,-87.713488,WGS84,Sulfur dioxide,1 HOUR,SO2 1-hour 2010,5/26/2021,2021,146,Parts per billion,None,,24,100,,2.133333,,2.7,19,3,Y,,Illinois,Cook,Chicago,COM ED MAINTENANCE BLDG,7801 LAWNDALE,"Chicago-Naperville-Elgin, IL-IN-WI",AQS Data Mart
17,31,76,42401,1,41.7514,-87.713488,WGS84,Sulfur dioxide,1 HOUR,SO2 1-hour 2010,5/27/2021,2021,147,Parts per billion,None,,22,92,,2.013636,,2.2,3,3,Y,,Illinois,Cook,Chicago,COM ED MAINTENANCE BLDG,7801 LAWNDALE,"Chicago-Naperville-Elgin, IL-IN-WI",AQS Data Mart
17,31,76,42401,1,41.7514,-87.713488,WGS84,Sulfur dioxide,1 HOUR,SO2 1-hour 2010,5/28/2021,2021,148,Parts per billion,None,,24,100,,1.920833,,2,0,3,Y,,Illinois,Cook,Chicago,COM ED MAINTENANCE BLDG,7801 LAWNDALE,"Chicago-Naperville-Elgin, IL-IN-WI",AQS Data Mart
17,31,76,42401,1,41.7514,-87.713488,WGS84,Sulfur dioxide,1 HOUR,SO2 1-hour 2010,5/29/2021,2021,149,Parts per billion,None,,24,100,,2.0125,,2.2,23,3,Y,,Illinois,Cook,Chicago,COM ED MAINTENANCE BLDG,7801 LAWNDALE,"Chicago-Naperville-Elgin, IL-IN-WI",AQS Data Mart
17,31,76,42401,1,41.7514,-87.713488,WGS84,Sulfur dioxide,1 HOUR,SO2 1-hour 2010,5/30/2021,2021,150,Parts per billion,None,,24,100,,3.041667,,9.7,23,13,Y,,Illinois,Cook,Chicago,COM ED MAINTENANCE BLDG,7801 LAWNDALE,"Chicago-Naperville-Elgin, IL-IN-WI",AQS Data Mart
17,31,76,42401,1,41.7514,-87.713488,WGS84,Sulfur dioxide,1 HOUR,SO2 1-hour 2010,5/31/2021,2021,151,Parts per billion,None,,24,100,,2.433333,,4.5,0,6,Y,,Illinois,Cook,Chicago,COM ED MAINTENANCE BLDG,7801 LAWNDALE,"Chicago-Naperville-Elgin, IL-IN-WI",AQS Data Mart
17,31,76,42401,1,41.7514,-87.713488,WGS84,Sulfur dioxide,1 HOUR,SO2 1-hour 2010,6/1/2021,2021,152,Parts per billion,None,,24,100,,3.720833,,8.1,13,11,Y,,Illinois,Cook,Chicago,COM ED MAINTENANCE BLDG,7801 LAWNDALE,"Chicago-Naperville-Elgin, IL-IN-WI",AQS Data Mart
17,31,76,42401,1,41.7514,-87.713488,WGS84,Sulfur dioxide,1 HOUR,SO2 1-hour 2010,6/2/2021,2021,153,Parts per billion,None,,24,100,,2.8,,6.5,7,9,Y,,Illinois,Cook,Chicago,COM ED MAINTENANCE BLDG,7801 LAWNDALE,"Chicago-Naperville-Elgin, IL-IN-WI",AQS Data Mart
17,31,76,42401,1,41.7514,-87.713488,WGS84,Sulfur dioxide,1 HOUR,SO2 1-hour 2010,6/3/2021,2021,154,Parts per billion,None,,23,96,,2.617391,,4.6,6,6,Y,,Illinois,Cook,Chicago,COM ED MAINTENANCE BLDG,7801 LAWNDALE,"Chicago-Naperville-Elgin, IL-IN-WI",AQS Data Mart
17,31,76,42401,1,41.7514,-87.713488,WGS84,Sulfur dioxide,1 HOUR,SO2 1-hour 2010,6/4/2021,2021,155,Parts per billion,None,,24,100,,2.391667,,2.9,0,3,Y,,Illinois,Cook,Chicago,COM ED MAINTENANCE BLDG,7801 LAWNDALE,"Chicago-Naperville-Elgin, IL-IN-WI",AQS Data Mart
17,31,76,42401,1,41.7514,-87.713488,WGS84,Sulfur dioxide,1 HOUR,SO2 1-hour 2010,6/5/2021,2021,156,Parts per billion,None,,24,100,,2.4125,,2.7,5,3,Y,,Illinois,Cook,Chicago,COM ED MAINTENANCE BLDG,7801 LAWNDALE,"Chicago-Naperville-Elgin, IL-IN-WI",AQS Data Mart
17,31,76,42401,1,41.7514,-87.713488,WGS84,Sulfur dioxide,1 HOUR,SO2 1-hour 2010,6/6/2021,2021,157,Parts per billion,None,,24,100,,2.445833,,3.2,10,4,Y,,Illinois,Cook,Chicago,COM ED MAINTENANCE BLDG,7801 LAWNDALE,"Chicago-Naperville-Elgin, IL-IN-WI",AQS Data Mart
17,31,76,42401,1,41.7514,-87.713488,WGS84,Sulfur dioxide,1 HOUR,SO2 1-hour 2010,6/7/2021,2021,158,Parts per billion,None,,24,100,,2.145833,,2.4,1,3,Y,,Illinois,Cook,Chicago,COM ED MAINTENANCE BLDG,7801 LAWNDALE,"Chicago-Naperville-Elgin, IL-IN-WI",AQS Data Mart
17,31,76,42401,1,41.7514,-87.713488,WGS84,Sulfur dioxide,1 HOUR,SO2 1-hour 2010,6/8/2021,2021,159,Parts per billion,None,,24,100,,2.516667,,3.6,20,4,Y,,Illinois,Cook,Chicago,COM ED MAINTENANCE BLDG,7801 LAWNDALE,"Chicago-Naperville-Elgin, IL-IN-WI",AQS Data Mart
17,31,76,42401,1,41.7514,-87.713488,WGS84,Sulfur dioxide,1 HOUR,SO2 1-hour 2010,6/9/2021,2021,160,Parts per billion,None,,24,100,,2.5375,,4.1,10,6,Y,,Illinois,Cook,Chicago,COM ED MAINTENANCE BLDG,7801 LAWNDALE,"Chicago-Naperville-Elgin, IL-IN-WI",AQS Data Mart
17,31,76,42401,1,41.7514,-87.713488,WGS84,Sulfur dioxide,1 HOUR,SO2 1-hour 2010,6/10/2021,2021,161,Parts per billion,None,,24,100,,2.5875,,3.9,7,4,Y,,Illinois,Cook,Chicago,COM ED MAINTENANCE BLDG,7801 LAWNDALE,"Chicago-Naperville-Elgin, IL-IN-WI",AQS Data Mart
17,31,76,42401,1,41.7514,-87.713488,WGS84,Sulfur dioxide,1 HOUR,SO2 1-hour 2010,6/11/2021,2021,162,Parts per billion,None,,24,100,,2.466667,,3.4,10,4,Y,,Illinois,Cook,Chicago,COM ED MAINTENANCE BLDG,7801 LAWNDALE,"Chicago-Naperville-Elgin, IL-IN-WI",AQS Data Mart
17,31,76,42401,1,41.7514,-87.713488,WGS84,Sulfur dioxide,1 HOUR,SO2 1-hour 2010,6/12/2021,2021,163,Parts per billion,None,,24,100,,3.441667,,11.9,7,16,Y,,Illinois,Cook,Chicago,COM ED MAINTENANCE BLDG,7801 LAWNDALE,"Chicago-Naperville-Elgin, IL-IN-WI",AQS Data Mart
17,31,76,42401,1,41.7514,-87.713488,WGS84,Sulfur dioxide,1 HOUR,SO2 1-hour 2010,6/13/2021,2021,164,Parts per billion,None,,24,100,,2.3375,,3.8,21,4,Y,,Illinois,Cook,Chicago,COM ED MAINTENANCE BLDG,7801 LAWNDALE,"Chicago-Naperville-Elgin, IL-IN-WI",AQS Data Mart
17,31,76,42401,1,41.7514,-87.713488,WGS84,Sulfur dioxide,1 HOUR,SO2 1-hour 2010,6/14/2021,2021,165,Parts per billion,None,,24,100,,2.304167,,3.1,0,4,Y,,Illinois,Cook,Chicago,COM ED MAINTENANCE BLDG,7801 LAWNDALE,"Chicago-Naperville-Elgin, IL-IN-WI",AQS Data Mart
17,31,76,42401,1,41.7514,-87.713488,WGS84,Sulfur dioxide,1 HOUR,SO2 1-hour 2010,6/15/2021,2021,166,Parts per billion,None,,24,100,,2.283333,,3.5,4,4,Y,,Illinois,Cook,Chicago,COM ED MAINTENANCE BLDG,7801 LAWNDALE,"Chicago-Naperville-Elgin, IL-IN-WI",AQS Data Mart
17,31,76,42401,1,41.7514,-87.713488,WGS84,Sulfur dioxide,1 HOUR,SO2 1-hour 2010,6/16/2021,2021,167,Parts per billion,None,,23,96,,2.208696,,2.7,20,3,Y,,Illinois,Cook,Chicago,COM ED MAINTENANCE BLDG,7801 LAWNDALE,"Chicago-Naperville-Elgin, IL-IN-WI",AQS Data Mart
17,31,76,42401,1,41.7514,-87.713488,WGS84,Sulfur dioxide,1 HOUR,SO2 1-hour 2010,6/17/2021,2021,168,Parts per billion,None,,24,100,,2.6,,3.1,5,4,Y,,Illinois,Cook,Chicago,COM ED MAINTENANCE BLDG,7801 LAWNDALE,"Chicago-Naperville-Elgin, IL-IN-WI",AQS Data Mart
17,31,76,42401,1,41.7514,-87.713488,WGS84,Sulfur dioxide,1 HOUR,SO2 1-hour 2010,6/18/2021,2021,169,Parts per billion,None,,24,100,,2.604167,,3.3,18,4,Y,,Illinois,Cook,Chicago,COM ED MAINTENANCE BLDG,7801 LAWNDALE,"Chicago-Naperville-Elgin, IL-IN-WI",AQS Data Mart
17,31,76,42401,1,41.7514,-87.713488,WGS84,Sulfur dioxide,1 HOUR,SO2 1-hour 2010,6/19/2021,2021,170,Parts per billion,None,,24,100,,2.495833,,3,14,4,Y,,Illinois,Cook,Chicago,COM ED MAINTENANCE BLDG,7801 LAWNDALE,"Chicago-Naperville-Elgin, IL-IN-WI",AQS Data Mart
17,31,76,42401,1,41.7514,-87.713488,WGS84,Sulfur dioxide,1 HOUR,SO2 1-hour 2010,6/20/2021,2021,171,Parts per billion,None,,24,100,,2.779167,,6.6,8,9,Y,,Illinois,Cook,Chicago,COM ED MAINTENANCE BLDG,7801 LAWNDALE,"Chicago-Naperville-Elgin, IL-IN-WI",AQS Data Mart
17,31,76,42401,1,41.7514,-87.713488,WGS84,Sulfur dioxide,1 HOUR,SO2 1-hour 2010,6/21/2021,2021,172,Parts per billion,None,,24,100,,2.491667,,3.2,19,4,Y,,Illinois,Cook,Chicago,COM ED MAINTENANCE BLDG,7801 LAWNDALE,"Chicago-Naperville-Elgin, IL-IN-WI",AQS Data Mart
17,31,76,42401,1,41.7514,-87.713488,WGS84,Sulfur dioxide,1 HOUR,SO2 1-hour 2010,6/22/2021,2021,173,Parts per billion,None,,24,100,,2.375,,2.7,20,3,Y,,Illinois,Cook,Chicago,COM ED MAINTENANCE BLDG,7801 LAWNDALE,"Chicago-Naperville-Elgin, IL-IN-WI",AQS Data Mart
17,31,76,42401,1,41.7514,-87.713488,WGS84,Sulfur dioxide,1 HOUR,SO2 1-hour 2010,6/23/2021,2021,174,Parts per billion,None,,24,100,,2.633333,,3.1,12,4,Y,,Illinois,Cook,Chicago,COM ED MAINTENANCE BLDG,7801 LAWNDALE,"Chicago-Naperville-Elgin, IL-IN-WI",AQS Data Mart
17,31,76,42401,1,41.7514,-87.713488,WGS84,Sulfur dioxide,1 HOUR,SO2 1-hour 2010,6/24/2021,2021,175,Parts per billion,None,,24,100,,2.516667,,3.1,7,4,Y,,Illinois,Cook,Chicago,COM ED MAINTENANCE BLDG,7801 LAWNDALE,"Chicago-Naperville-Elgin, IL-IN-WI",AQS Data Mart
17,31,76,42401,1,41.7514,-87.713488,WGS84,Sulfur dioxide,1 HOUR,SO2 1-hour 2010,6/25/2021,2021,176,Parts per billion,None,,24,100,,2.35,,2.5,19,3,Y,,Illinois,Cook,Chicago,COM ED MAINTENANCE BLDG,7801 LAWNDALE,"Chicago-Naperville-Elgin, IL-IN-WI",AQS Data Mart
17,31,76,42401,1,41.7514,-87.713488,WGS84,Sulfur dioxide,1 HOUR,SO2 1-hour 2010,6/26/2021,2021,177,Parts per billion,None,,24,100,,2.341667,,2.5,12,3,Y,,Illinois,Cook,Chicago,COM ED MAINTENANCE BLDG,7801 LAWNDALE,"Chicago-Naperville-Elgin, IL-IN-WI",AQS Data Mart
17,31,76,42401,1,41.7514,-87.713488,WGS84,Sulfur dioxide,1 HOUR,SO2 1-hour 2010,6/27/2021,2021,178,Parts per billion,None,,24,100,,2.325,,2.6,15,3,Y,,Illinois,Cook,Chicago,COM ED MAINTENANCE BLDG,7801 LAWNDALE,"Chicago-Naperville-Elgin, IL-IN-WI",AQS Data Mart
17,31,76,42401,1,41.7514,-87.713488,WGS84,Sulfur dioxide,1 HOUR,SO2 1-hour 2010,6/28/2021,2021,179,Parts per billion,None,,24,100,,2.458333,,3.8,7,4,Y,,Illinois,Cook,Chicago,COM ED MAINTENANCE BLDG,7801 LAWNDALE,"Chicago-Naperville-Elgin, IL-IN-WI",AQS Data Mart
17,31,76,42401,1,41.7514,-87.713488,WGS84,Sulfur dioxide,1 HOUR,SO2 1-hour 2010,6/29/2021,2021,180,Parts per billion,None,,22,92,,2.15,,2.6,14,3,Y,,Illinois,Cook,Chicago,COM ED MAINTENANCE BLDG,7801 LAWNDALE,"Chicago-Naperville-Elgin, IL-IN-WI",AQS Data Mart
17,31,76,42401,1,41.7514,-87.713488,WGS84,Sulfur dioxide,1 HOUR,SO2 1-hour 2010,6/30/2021,2021,181,Parts per billion,None,,24,100,,2.229167,,2.8,9,3,Y,,Illinois,Cook,Chicago,COM ED MAINTENANCE BLDG,7801 LAWNDALE,"Chicago-Naperville-Elgin, IL-IN-WI",AQS Data Mart
17,31,76,42401,1,41.7514,-87.713488,WGS84,Sulfur dioxide,1 HOUR,SO2 1-hour 2010,7/1/2021,2021,182,Parts per billion,None,,24,100,,2.333333,,2.4,3,3,Y,,Illinois,Cook,Chicago,COM ED MAINTENANCE BLDG,7801 LAWNDALE,"Chicago-Naperville-Elgin, IL-IN-WI",AQS Data Mart
17,31,76,42401,1,41.7514,-87.713488,WGS84,Sulfur dioxide,1 HOUR,SO2 1-hour 2010,7/2/2021,2021,183,Parts per billion,None,,24,100,,2.354167,,2.5,5,3,Y,,Illinois,Cook,Chicago,COM ED MAINTENANCE BLDG,7801 LAWNDALE,"Chicago-Naperville-Elgin, IL-IN-WI",AQS Data Mart
17,31,76,42401,1,41.7514,-87.713488,WGS84,Sulfur dioxide,1 HOUR,SO2 1-hour 2010,7/3/2021,2021,184,Parts per billion,None,,24,100,,2.595833,,2.9,12,3,Y,,Illinois,Cook,Chicago,COM ED MAINTENANCE BLDG,7801 LAWNDALE,"Chicago-Naperville-Elgin, IL-IN-WI",AQS Data Mart
17,31,76,42401,1,41.7514,-87.713488,WGS84,Sulfur dioxide,1 HOUR,SO2 1-hour 2010,7/4/2021,2021,185,Parts per billion,None,,24,100,,3.383333,,7.3,21,10,Y,,Illinois,Cook,Chicago,COM ED MAINTENANCE BLDG,7801 LAWNDALE,"Chicago-Naperville-Elgin, IL-IN-WI",AQS Data Mart
17,31,76,42401,1,41.7514,-87.713488,WGS84,Sulfur dioxide,1 HOUR,SO2 1-hour 2010,7/5/2021,2021,186,Parts per billion,None,,24,100,,2.733333,,3.8,12,4,Y,,Illinois,Cook,Chicago,COM ED MAINTENANCE BLDG,7801 LAWNDALE,"Chicago-Naperville-Elgin, IL-IN-WI",AQS Data Mart
17,31,76,42401,1,41.7514,-87.713488,WGS84,Sulfur dioxide,1 HOUR,SO2 1-hour 2010,7/6/2021,2021,187,Parts per billion,None,,24,100,,2.6625,,3.4,12,4,Y,,Illinois,Cook,Chicago,COM ED MAINTENANCE BLDG,7801 LAWNDALE,"Chicago-Naperville-Elgin, IL-IN-WI",AQS Data Mart
17,31,76,42401,1,41.7514,-87.713488,WGS84,Sulfur dioxide,1 HOUR,SO2 1-hour 2010,7/7/2021,2021,188,Parts per billion,None,,24,100,,2.383333,,3.3,13,4,Y,,Illinois,Cook,Chicago,COM ED MAINTENANCE BLDG,7801 LAWNDALE,"Chicago-Naperville-Elgin, IL-IN-WI",AQS Data Mart
17,31,76,42401,1,41.7514,-87.713488,WGS84,Sulfur dioxide,1 HOUR,SO2 1-hour 2010,7/8/2021,2021,189,Parts per billion,None,,22,92,,2.354545,,2.9,12,3,Y,,Illinois,Cook,Chicago,COM ED MAINTENANCE BLDG,7801 LAWNDALE,"Chicago-Naperville-Elgin, IL-IN-WI",AQS Data Mart
17,31,76,42401,1,41.7514,-87.713488,WGS84,Sulfur dioxide,1 HOUR,SO2 1-hour 2010,7/9/2021,2021,190,Parts per billion,None,,24,100,,2.504167,,2.8,5,3,Y,,Illinois,Cook,Chicago,COM ED MAINTENANCE BLDG,7801 LAWNDALE,"Chicago-Naperville-Elgin, IL-IN-WI",AQS Data Mart
17,31,76,42401,1,41.7514,-87.713488,WGS84,Sulfur dioxide,1 HOUR,SO2 1-hour 2010,7/10/2021,2021,191,Parts per billion,None,,24,100,,2.725,,3.9,12,4,Y,,Illinois,Cook,Chicago,COM ED MAINTENANCE BLDG,7801 LAWNDALE,"Chicago-Naperville-Elgin, IL-IN-WI",AQS Data Mart
17,31,76,42401,1,41.7514,-87.713488,WGS84,Sulfur dioxide,1 HOUR,SO2 1-hour 2010,7/11/2021,2021,192,Parts per billion,None,,24,100,,2.4875,,2.6,1,3,Y,,Illinois,Cook,Chicago,COM ED MAINTENANCE BLDG,7801 LAWNDALE,"Chicago-Naperville-Elgin, IL-IN-WI",AQS Data Mart
17,31,76,42401,1,41.7514,-87.713488,WGS84,Sulfur dioxide,1 HOUR,SO2 1-hour 2010,7/12/2021,2021,193,Parts per billion,None,,24,100,,2.754167,,4.3,11,6,Y,,Illinois,Cook,Chicago,COM ED MAINTENANCE BLDG,7801 LAWNDALE,"Chicago-Naperville-Elgin, IL-IN-WI",AQS Data Mart
17,31,76,42401,1,41.7514,-87.713488,WGS84,Sulfur dioxide,1 HOUR,SO2 1-hour 2010,7/13/2021,2021,194,Parts per billion,None,,24,100,,2.425,,2.8,19,3,Y,,Illinois,Cook,Chicago,COM ED MAINTENANCE BLDG,7801 LAWNDALE,"Chicago-Naperville-Elgin, IL-IN-WI",AQS Data Mart
17,31,76,42401,1,41.7514,-87.713488,WGS84,Sulfur dioxide,1 HOUR,SO2 1-hour 2010,7/14/2021,2021,195,Parts per billion,None,,24,100,,2.4625,,2.7,12,3,Y,,Illinois,Cook,Chicago,COM ED MAINTENANCE BLDG,7801 LAWNDALE,"Chicago-Naperville-Elgin, IL-IN-WI",AQS Data Mart
17,31,76,42401,1,41.7514,-87.713488,WGS84,Sulfur dioxide,1 HOUR,SO2 1-hour 2010,7/15/2021,2021,196,Parts per billion,None,,24,100,,2.445833,,2.8,17,3,Y,,Illinois,Cook,Chicago,COM ED MAINTENANCE BLDG,7801 LAWNDALE,"Chicago-Naperville-Elgin, IL-IN-WI",AQS Data Mart
17,31,76,42401,1,41.7514,-87.713488,WGS84,Sulfur dioxide,1 HOUR,SO2 1-hour 2010,7/16/2021,2021,197,Parts per billion,None,,24,100,,2.4,,2.6,15,3,Y,,Illinois,Cook,Chicago,COM ED MAINTENANCE BLDG,7801 LAWNDALE,"Chicago-Naperville-Elgin, IL-IN-WI",AQS Data Mart
17,31,76,42401,1,41.7514,-87.713488,WGS84,Sulfur dioxide,1 HOUR,SO2 1-hour 2010,7/17/2021,2021,198,Parts per billion,None,,24,100,,2.495833,,2.9,13,3,Y,,Illinois,Cook,Chicago,COM ED MAINTENANCE BLDG,7801 LAWNDALE,"Chicago-Naperville-Elgin, IL-IN-WI",AQS Data Mart
17,31,76,42401,1,41.7514,-87.713488,WGS84,Sulfur dioxide,1 HOUR,SO2 1-hour 2010,7/18/2021,2021,199,Parts per billion,None,,24,100,,2.729167,,4.2,11,6,Y,,Illinois,Cook,Chicago,COM ED MAINTENANCE BLDG,7801 LAWNDALE,"Chicago-Naperville-Elgin, IL-IN-WI",AQS Data Mart
17,31,76,42401,1,41.7514,-87.713488,WGS84,Sulfur dioxide,1 HOUR,SO2 1-hour 2010,7/19/2021,2021,200,Parts per billion,None,,24,100,,2.7375,,3.7,7,4,Y,,Illinois,Cook,Chicago,COM ED MAINTENANCE BLDG,7801 LAWNDALE,"Chicago-Naperville-Elgin, IL-IN-WI",AQS Data Mart
17,31,76,42401,1,41.7514,-87.713488,WGS84,Sulfur dioxide,1 HOUR,SO2 1-hour 2010,7/20/2021,2021,201,Parts per billion,None,,24,100,,2.7,,3.5,5,4,Y,,Illinois,Cook,Chicago,COM ED MAINTENANCE BLDG,7801 LAWNDALE,"Chicago-Naperville-Elgin, IL-IN-WI",AQS Data Mart
17,31,76,42401,1,41.7514,-87.713488,WGS84,Sulfur dioxide,1 HOUR,SO2 1-hour 2010,7/21/2021,2021,202,Parts per billion,None,,24,100,,2.404167,,2.6,19,3,Y,,Illinois,Cook,Chicago,COM ED MAINTENANCE BLDG,7801 LAWNDALE,"Chicago-Naperville-Elgin, IL-IN-WI",AQS Data Mart
17,31,76,42401,1,41.7514,-87.713488,WGS84,Sulfur dioxide,1 HOUR,SO2 1-hour 2010,7/22/2021,2021,203,Parts per billion,None,,24,100,,3.320833,,9.1,17,13,Y,,Illinois,Cook,Chicago,COM ED MAINTENANCE BLDG,7801 LAWNDALE,"Chicago-Naperville-Elgin, IL-IN-WI",AQS Data Mart
17,31,76,42401,1,41.7514,-87.713488,WGS84,Sulfur dioxide,1 HOUR,SO2 1-hour 2010,7/23/2021,2021,204,Parts per billion,None,,18,75,,1.477778,,6.8,7,9,Y,,Illinois,Cook,Chicago,COM ED MAINTENANCE BLDG,7801 LAWNDALE,"Chicago-Naperville-Elgin, IL-IN-WI",AQS Data Mart
17,31,76,42401,1,41.7514,-87.713488,WGS84,Sulfur dioxide,1 HOUR,SO2 1-hour 2010,7/24/2021,2021,205,Parts per billion,None,,24,100,,0.316667,,0.8,9,0,Y,,Illinois,Cook,Chicago,COM ED MAINTENANCE BLDG,7801 LAWNDALE,"Chicago-Naperville-Elgin, IL-IN-WI",AQS Data Mart
17,31,76,42401,1,41.7514,-87.713488,WGS84,Sulfur dioxide,1 HOUR,SO2 1-hour 2010,7/25/2021,2021,206,Parts per billion,None,,24,100,,0.604167,,1.8,8,1,Y,,Illinois,Cook,Chicago,COM ED MAINTENANCE BLDG,7801 LAWNDALE,"Chicago-Naperville-Elgin, IL-IN-WI",AQS Data Mart
17,31,76,42401,1,41.7514,-87.713488,WGS84,Sulfur dioxide,1 HOUR,SO2 1-hour 2010,7/26/2021,2021,207,Parts per billion,None,,24,100,,0.966667,,3.3,17,4,Y,,Illinois,Cook,Chicago,COM ED MAINTENANCE BLDG,7801 LAWNDALE,"Chicago-Naperville-Elgin, IL-IN-WI",AQS Data Mart
17,31,76,42401,1,41.7514,-87.713488,WGS84,Sulfur dioxide,1 HOUR,SO2 1-hour 2010,7/27/2021,2021,208,Parts per billion,None,,23,96,,0.708696,,1.4,6,1,Y,,Illinois,Cook,Chicago,COM ED MAINTENANCE BLDG,7801 LAWNDALE,"Chicago-Naperville-Elgin, IL-IN-WI",AQS Data Mart
17,31,76,42401,1,41.7514,-87.713488,WGS84,Sulfur dioxide,1 HOUR,SO2 1-hour 2010,7/28/2021,2021,209,Parts per billion,None,,24,100,,0.575,,1.3,16,1,Y,,Illinois,Cook,Chicago,COM ED MAINTENANCE BLDG,7801 LAWNDALE,"Chicago-Naperville-Elgin, IL-IN-WI",AQS Data Mart
17,31,76,42401,1,41.7514,-87.713488,WGS84,Sulfur dioxide,1 HOUR,SO2 1-hour 2010,7/29/2021,2021,210,Parts per billion,None,,24,100,,0.208333,,0.6,9,0,Y,,Illinois,Cook,Chicago,COM ED MAINTENANCE BLDG,7801 LAWNDALE,"Chicago-Naperville-Elgin, IL-IN-WI",AQS Data Mart
17,31,76,42401,1,41.7514,-87.713488,WGS84,Sulfur dioxide,1 HOUR,SO2 1-hour 2010,7/30/2021,2021,211,Parts per billion,None,,24,100,,0.245833,,0.4,16,0,Y,,Illinois,Cook,Chicago,COM ED MAINTENANCE BLDG,7801 LAWNDALE,"Chicago-Naperville-Elgin, IL-IN-WI",AQS Data Mart
17,31,76,42401,1,41.7514,-87.713488,WGS84,Sulfur dioxide,1 HOUR,SO2 1-hour 2010,7/31/2021,2021,212,Parts per billion,None,,24,100,,0.483333,,1.1,8,1,Y,,Illinois,Cook,Chicago,COM ED MAINTENANCE BLDG,7801 LAWNDALE,"Chicago-Naperville-Elgin, IL-IN-WI",AQS Data Mart
17,31,76,42401,1,41.7514,-87.713488,WGS84,Sulfur dioxide,1 HOUR,SO2 1-hour 2010,8/1/2021,2021,213,Parts per billion,None,,24,100,,0.325,,0.4,0,0,Y,,Illinois,Cook,Chicago,COM ED MAINTENANCE BLDG,7801 LAWNDALE,"Chicago-Naperville-Elgin, IL-IN-WI",AQS Data Mart
17,31,76,42401,1,41.7514,-87.713488,WGS84,Sulfur dioxide,1 HOUR,SO2 1-hour 2010,8/2/2021,2021,214,Parts per billion,None,,24,100,,0.7,,1.7,13,1,Y,,Illinois,Cook,Chicago,COM ED MAINTENANCE BLDG,7801 LAWNDALE,"Chicago-Naperville-Elgin, IL-IN-WI",AQS Data Mart
17,31,76,42401,1,41.7514,-87.713488,WGS84,Sulfur dioxide,1 HOUR,SO2 1-hour 2010,8/3/2021,2021,215,Parts per billion,None,,24,100,,0.966667,,2.5,18,3,Y,,Illinois,Cook,Chicago,COM ED MAINTENANCE BLDG,7801 LAWNDALE,"Chicago-Naperville-Elgin, IL-IN-WI",AQS Data Mart
17,31,76,42401,1,41.7514,-87.713488,WGS84,Sulfur dioxide,1 HOUR,SO2 1-hour 2010,8/4/2021,2021,216,Parts per billion,None,,24,100,,0.979167,,2.3,10,3,Y,,Illinois,Cook,Chicago,COM ED MAINTENANCE BLDG,7801 LAWNDALE,"Chicago-Naperville-Elgin, IL-IN-WI",AQS Data Mart
17,31,76,42401,1,41.7514,-87.713488,WGS84,Sulfur dioxide,1 HOUR,SO2 1-hour 2010,8/5/2021,2021,217,Parts per billion,None,,24,100,,0.55,,1.3,0,1,Y,,Illinois,Cook,Chicago,COM ED MAINTENANCE BLDG,7801 LAWNDALE,"Chicago-Naperville-Elgin, IL-IN-WI",AQS Data Mart
17,31,76,42401,1,41.7514,-87.713488,WGS84,Sulfur dioxide,1 HOUR,SO2 1-hour 2010,8/6/2021,2021,218,Parts per billion,None,,24,100,,0.529167,,1,6,1,Y,,Illinois,Cook,Chicago,COM ED MAINTENANCE BLDG,7801 LAWNDALE,"Chicago-Naperville-Elgin, IL-IN-WI",AQS Data Mart
17,31,76,42401,1,41.7514,-87.713488,WGS84,Sulfur dioxide,1 HOUR,SO2 1-hour 2010,8/7/2021,2021,219,Parts per billion,None,,24,100,,0.420833,,0.8,13,0,Y,,Illinois,Cook,Chicago,COM ED MAINTENANCE BLDG,7801 LAWNDALE,"Chicago-Naperville-Elgin, IL-IN-WI",AQS Data Mart
17,31,76,42401,1,41.7514,-87.713488,WGS84,Sulfur dioxide,1 HOUR,SO2 1-hour 2010,8/8/2021,2021,220,Parts per billion,None,,24,100,,0.4875,,0.9,17,0,Y,,Illinois,Cook,Chicago,COM ED MAINTENANCE BLDG,7801 LAWNDALE,"Chicago-Naperville-Elgin, IL-IN-WI",AQS Data Mart
17,31,76,42401,1,41.7514,-87.713488,WGS84,Sulfur dioxide,1 HOUR,SO2 1-hour 2010,8/9/2021,2021,221,Parts per billion,None,,24,100,,0.35,,0.6,18,0,Y,,Illinois,Cook,Chicago,COM ED MAINTENANCE BLDG,7801 LAWNDALE,"Chicago-Naperville-Elgin, IL-IN-WI",AQS Data Mart
17,31,76,42401,1,41.7514,-87.713488,WGS84,Sulfur dioxide,1 HOUR,SO2 1-hour 2010,8/10/2021,2021,222,Parts per billion,None,,24,100,,0.425,,0.7,20,0,Y,,Illinois,Cook,Chicago,COM ED MAINTENANCE BLDG,7801 LAWNDALE,"Chicago-Naperville-Elgin, IL-IN-WI",AQS Data Mart
17,31,76,42401,1,41.7514,-87.713488,WGS84,Sulfur dioxide,1 HOUR,SO2 1-hour 2010,8/11/2021,2021,223,Parts per billion,None,,23,96,,0.426087,,0.7,18,0,Y,,Illinois,Cook,Chicago,COM ED MAINTENANCE BLDG,7801 LAWNDALE,"Chicago-Naperville-Elgin, IL-IN-WI",AQS Data Mart
17,31,76,42401,1,41.7514,-87.713488,WGS84,Sulfur dioxide,1 HOUR,SO2 1-hour 2010,8/12/2021,2021,224,Parts per billion,None,,24,100,,0.479167,,1.1,18,1,Y,,Illinois,Cook,Chicago,COM ED MAINTENANCE BLDG,7801 LAWNDALE,"Chicago-Naperville-Elgin, IL-IN-WI",AQS Data Mart
17,31,76,42401,1,41.7514,-87.713488,WGS84,Sulfur dioxide,1 HOUR,SO2 1-hour 2010,8/13/2021,2021,225,Parts per billion,None,,24,100,,0.475,,1.2,5,1,Y,,Illinois,Cook,Chicago,COM ED MAINTENANCE BLDG,7801 LAWNDALE,"Chicago-Naperville-Elgin, IL-IN-WI",AQS Data Mart
17,31,76,42401,1,41.7514,-87.713488,WGS84,Sulfur dioxide,1 HOUR,SO2 1-hour 2010,8/14/2021,2021,226,Parts per billion,None,,24,100,,0.2625,,0.7,5,0,Y,,Illinois,Cook,Chicago,COM ED MAINTENANCE BLDG,7801 LAWNDALE,"Chicago-Naperville-Elgin, IL-IN-WI",AQS Data Mart
17,31,76,42401,1,41.7514,-87.713488,WGS84,Sulfur dioxide,1 HOUR,SO2 1-hour 2010,8/15/2021,2021,227,Parts per billion,None,,24,100,,1.220833,,4.7,11,6,Y,,Illinois,Cook,Chicago,COM ED MAINTENANCE BLDG,7801 LAWNDALE,"Chicago-Naperville-Elgin, IL-IN-WI",AQS Data Mart
17,31,76,42401,1,41.7514,-87.713488,WGS84,Sulfur dioxide,1 HOUR,SO2 1-hour 2010,8/16/2021,2021,228,Parts per billion,None,,24,100,,1.275,,7.6,8,10,Y,,Illinois,Cook,Chicago,COM ED MAINTENANCE BLDG,7801 LAWNDALE,"Chicago-Naperville-Elgin, IL-IN-WI",AQS Data Mart
17,31,76,42401,1,41.7514,-87.713488,WGS84,Sulfur dioxide,1 HOUR,SO2 1-hour 2010,8/17/2021,2021,229,Parts per billion,None,,24,100,,1.183333,,2.7,10,3,Y,,Illinois,Cook,Chicago,COM ED MAINTENANCE BLDG,7801 LAWNDALE,"Chicago-Naperville-Elgin, IL-IN-WI",AQS Data Mart
17,31,76,42401,1,41.7514,-87.713488,WGS84,Sulfur dioxide,1 HOUR,SO2 1-hour 2010,8/18/2021,2021,230,Parts per billion,None,,24,100,,1.008333,,3.9,7,4,Y,,Illinois,Cook,Chicago,COM ED MAINTENANCE BLDG,7801 LAWNDALE,"Chicago-Naperville-Elgin, IL-IN-WI",AQS Data Mart
17,31,76,42401,1,41.7514,-87.713488,WGS84,Sulfur dioxide,1 HOUR,SO2 1-hour 2010,8/19/2021,2021,231,Parts per billion,None,,24,100,,0.825,,1.6,8,1,Y,,Illinois,Cook,Chicago,COM ED MAINTENANCE BLDG,7801 LAWNDALE,"Chicago-Naperville-Elgin, IL-IN-WI",AQS Data Mart
17,31,76,42401,1,41.7514,-87.713488,WGS84,Sulfur dioxide,1 HOUR,SO2 1-hour 2010,8/20/2021,2021,232,Parts per billion,None,,24,100,,1.6875,,7.9,12,10,Y,,Illinois,Cook,Chicago,COM ED MAINTENANCE BLDG,7801 LAWNDALE,"Chicago-Naperville-Elgin, IL-IN-WI",AQS Data Mart
17,31,76,42401,1,41.7514,-87.713488,WGS84,Sulfur dioxide,1 HOUR,SO2 1-hour 2010,8/21/2021,2021,233,Parts per billion,None,,24,100,,0.558333,,0.8,9,0,Y,,Illinois,Cook,Chicago,COM ED MAINTENANCE BLDG,7801 LAWNDALE,"Chicago-Naperville-Elgin, IL-IN-WI",AQS Data Mart
17,31,76,42401,1,41.7514,-87.713488,WGS84,Sulfur dioxide,1 HOUR,SO2 1-hour 2010,8/22/2021,2021,234,Parts per billion,None,,24,100,,0.4125,,0.6,0,0,Y,,Illinois,Cook,Chicago,COM ED MAINTENANCE BLDG,7801 LAWNDALE,"Chicago-Naperville-Elgin, IL-IN-WI",AQS Data Mart
17,31,76,42401,1,41.7514,-87.713488,WGS84,Sulfur dioxide,1 HOUR,SO2 1-hour 2010,8/23/2021,2021,235,Parts per billion,None,,24,100,,0.670833,,1.2,15,1,Y,,Illinois,Cook,Chicago,COM ED MAINTENANCE BLDG,7801 LAWNDALE,"Chicago-Naperville-Elgin, IL-IN-WI",AQS Data Mart
17,31,76,42401,1,41.7514,-87.713488,WGS84,Sulfur dioxide,1 HOUR,SO2 1-hour 2010,8/24/2021,2021,236,Parts per billion,None,,24,100,,0.575,,1.4,7,1,Y,,Illinois,Cook,Chicago,COM ED MAINTENANCE BLDG,7801 LAWNDALE,"Chicago-Naperville-Elgin, IL-IN-WI",AQS Data Mart
17,31,76,42401,1,41.7514,-87.713488,WGS84,Sulfur dioxide,1 HOUR,SO2 1-hour 2010,8/25/2021,2021,237,Parts per billion,None,,23,96,,0.378261,,0.7,9,0,Y,,Illinois,Cook,Chicago,COM ED MAINTENANCE BLDG,7801 LAWNDALE,"Chicago-Naperville-Elgin, IL-IN-WI",AQS Data Mart
17,31,76,42401,1,41.7514,-87.713488,WGS84,Sulfur dioxide,1 HOUR,SO2 1-hour 2010,8/26/2021,2021,238,Parts per billion,None,,24,100,,0.9625,,4,15,6,Y,,Illinois,Cook,Chicago,COM ED MAINTENANCE BLDG,7801 LAWNDALE,"Chicago-Naperville-Elgin, IL-IN-WI",AQS Data Mart
17,31,76,42401,1,41.7514,-87.713488,WGS84,Sulfur dioxide,1 HOUR,SO2 1-hour 2010,8/27/2021,2021,239,Parts per billion,None,,24,100,,0.4125,,0.8,18,0,Y,,Illinois,Cook,Chicago,COM ED MAINTENANCE BLDG,7801 LAWNDALE,"Chicago-Naperville-Elgin, IL-IN-WI",AQS Data Mart
17,31,76,42401,1,41.7514,-87.713488,WGS84,Sulfur dioxide,1 HOUR,SO2 1-hour 2010,8/28/2021,2021,240,Parts per billion,None,,24,100,,0.408333,,0.8,18,0,Y,,Illinois,Cook,Chicago,COM ED MAINTENANCE BLDG,7801 LAWNDALE,"Chicago-Naperville-Elgin, IL-IN-WI",AQS Data Mart
17,31,76,42401,1,41.7514,-87.713488,WGS84,Sulfur dioxide,1 HOUR,SO2 1-hour 2010,8/29/2021,2021,241,Parts per billion,None,,24,100,,0.454167,,0.7,7,0,Y,,Illinois,Cook,Chicago,COM ED MAINTENANCE BLDG,7801 LAWNDALE,"Chicago-Naperville-Elgin, IL-IN-WI",AQS Data Mart
17,31,76,42401,1,41.7514,-87.713488,WGS84,Sulfur dioxide,1 HOUR,SO2 1-hour 2010,8/30/2021,2021,242,Parts per billion,None,,24,100,,0.720833,,1.5,6,1,Y,,Illinois,Cook,Chicago,COM ED MAINTENANCE BLDG,7801 LAWNDALE,"Chicago-Naperville-Elgin, IL-IN-WI",AQS Data Mart
17,31,76,42401,1,41.7514,-87.713488,WGS84,Sulfur dioxide,1 HOUR,SO2 1-hour 2010,8/31/2021,2021,243,Parts per billion,None,,24,100,,1.291667,,4.5,8,6,Y,,Illinois,Cook,Chicago,COM ED MAINTENANCE BLDG,7801 LAWNDALE,"Chicago-Naperville-Elgin, IL-IN-WI",AQS Data Mart
17,31,76,42401,1,41.7514,-87.713488,WGS84,Sulfur dioxide,1 HOUR,SO2 1-hour 2010,9/1/2021,2021,244,Parts per billion,None,,22,92,,0.422727,,0.8,1,0,Y,,Illinois,Cook,Chicago,COM ED MAINTENANCE BLDG,7801 LAWNDALE,"Chicago-Naperville-Elgin, IL-IN-WI",AQS Data Mart
17,31,76,42401,1,41.7514,-87.713488,WGS84,Sulfur dioxide,1 HOUR,SO2 1-hour 2010,9/2/2021,2021,245,Parts per billion,None,,24,100,,0.7875,,2.2,5,3,Y,,Illinois,Cook,Chicago,COM ED MAINTENANCE BLDG,7801 LAWNDALE,"Chicago-Naperville-Elgin, IL-IN-WI",AQS Data Mart
17,31,76,42401,1,41.7514,-87.713488,WGS84,Sulfur dioxide,1 HOUR,SO2 1-hour 2010,9/3/2021,2021,246,Parts per billion,None,,24,100,,1.7875,,8.7,2,11,Y,,Illinois,Cook,Chicago,COM ED MAINTENANCE BLDG,7801 LAWNDALE,"Chicago-Naperville-Elgin, IL-IN-WI",AQS Data Mart
17,31,76,42401,1,41.7514,-87.713488,WGS84,Sulfur dioxide,1 HOUR,SO2 1-hour 2010,9/4/2021,2021,247,Parts per billion,None,,24,100,,0.695833,,1.2,21,1,Y,,Illinois,Cook,Chicago,COM ED MAINTENANCE BLDG,7801 LAWNDALE,"Chicago-Naperville-Elgin, IL-IN-WI",AQS Data Mart
17,31,76,42401,1,41.7514,-87.713488,WGS84,Sulfur dioxide,1 HOUR,SO2 1-hour 2010,9/5/2021,2021,248,Parts per billion,None,,24,100,,0.629167,,1.3,23,1,Y,,Illinois,Cook,Chicago,COM ED MAINTENANCE BLDG,7801 LAWNDALE,"Chicago-Naperville-Elgin, IL-IN-WI",AQS Data Mart
17,31,76,42401,1,41.7514,-87.713488,WGS84,Sulfur dioxide,1 HOUR,SO2 1-hour 2010,9/6/2021,2021,249,Parts per billion,None,,24,100,,1.125,,2.4,18,3,Y,,Illinois,Cook,Chicago,COM ED MAINTENANCE BLDG,7801 LAWNDALE,"Chicago-Naperville-Elgin, IL-IN-WI",AQS Data Mart
17,31,76,42401,1,41.7514,-87.713488,WGS84,Sulfur dioxide,1 HOUR,SO2 1-hour 2010,9/7/2021,2021,250,Parts per billion,None,,24,100,,0.691667,,1,6,1,Y,,Illinois,Cook,Chicago,COM ED MAINTENANCE BLDG,7801 LAWNDALE,"Chicago-Naperville-Elgin, IL-IN-WI",AQS Data Mart
17,31,76,42401,1,41.7514,-87.713488,WGS84,Sulfur dioxide,1 HOUR,SO2 1-hour 2010,9/8/2021,2021,251,Parts per billion,None,,24,100,,1.15,,3.1,18,4,Y,,Illinois,Cook,Chicago,COM ED MAINTENANCE BLDG,7801 LAWNDALE,"Chicago-Naperville-Elgin, IL-IN-WI",AQS Data Mart
17,31,76,42401,1,41.7514,-87.713488,WGS84,Sulfur dioxide,1 HOUR,SO2 1-hour 2010,9/9/2021,2021,252,Parts per billion,None,,24,100,,1.1125,,2.7,8,3,Y,,Illinois,Cook,Chicago,COM ED MAINTENANCE BLDG,7801 LAWNDALE,"Chicago-Naperville-Elgin, IL-IN-WI",AQS Data Mart
17,31,76,42401,1,41.7514,-87.713488,WGS84,Sulfur dioxide,1 HOUR,SO2 1-hour 2010,9/10/2021,2021,253,Parts per billion,None,,24,100,,0.645833,,1.2,1,1,Y,,Illinois,Cook,Chicago,COM ED MAINTENANCE BLDG,7801 LAWNDALE,"Chicago-Naperville-Elgin, IL-IN-WI",AQS Data Mart
17,31,76,42401,1,41.7514,-87.713488,WGS84,Sulfur dioxide,1 HOUR,SO2 1-hour 2010,9/11/2021,2021,254,Parts per billion,None,,24,100,,0.8125,,1.2,17,1,Y,,Illinois,Cook,Chicago,COM ED MAINTENANCE BLDG,7801 LAWNDALE,"Chicago-Naperville-Elgin, IL-IN-WI",AQS Data Mart
17,31,76,42401,1,41.7514,-87.713488,WGS84,Sulfur dioxide,1 HOUR,SO2 1-hour 2010,9/12/2021,2021,255,Parts per billion,None,,24,100,,0.808333,,1.1,6,1,Y,,Illinois,Cook,Chicago,COM ED MAINTENANCE BLDG,7801 LAWNDALE,"Chicago-Naperville-Elgin, IL-IN-WI",AQS Data Mart
17,31,76,42401,1,41.7514,-87.713488,WGS84,Sulfur dioxide,1 HOUR,SO2 1-hour 2010,9/13/2021,2021,256,Parts per billion,None,,23,96,,0.821739,,1.3,16,1,Y,,Illinois,Cook,Chicago,COM ED MAINTENANCE BLDG,7801 LAWNDALE,"Chicago-Naperville-Elgin, IL-IN-WI",AQS Data Mart
17,31,76,42401,1,41.7514,-87.713488,WGS84,Sulfur dioxide,1 HOUR,SO2 1-hour 2010,9/14/2021,2021,257,Parts per billion,None,,24,100,,0.970833,,2,20,3,Y,,Illinois,Cook,Chicago,COM ED MAINTENANCE BLDG,7801 LAWNDALE,"Chicago-Naperville-Elgin, IL-IN-WI",AQS Data Mart
17,31,76,42401,1,41.7514,-87.713488,WGS84,Sulfur dioxide,1 HOUR,SO2 1-hour 2010,9/15/2021,2021,258,Parts per billion,None,,24,100,,0.875,,2.5,8,3,Y,,Illinois,Cook,Chicago,COM ED MAINTENANCE BLDG,7801 LAWNDALE,"Chicago-Naperville-Elgin, IL-IN-WI",AQS Data Mart
17,31,76,42401,1,41.7514,-87.713488,WGS84,Sulfur dioxide,1 HOUR,SO2 1-hour 2010,9/16/2021,2021,259,Parts per billion,None,,24,100,,1.383333,,3.2,17,4,Y,,Illinois,Cook,Chicago,COM ED MAINTENANCE BLDG,7801 LAWNDALE,"Chicago-Naperville-Elgin, IL-IN-WI",AQS Data Mart
17,31,76,42401,1,41.7514,-87.713488,WGS84,Sulfur dioxide,1 HOUR,SO2 1-hour 2010,9/17/2021,2021,260,Parts per billion,None,,24,100,,1.05,,1.9,21,1,Y,,Illinois,Cook,Chicago,COM ED MAINTENANCE BLDG,7801 LAWNDALE,"Chicago-Naperville-Elgin, IL-IN-WI",AQS Data Mart
17,31,76,42401,1,41.7514,-87.713488,WGS84,Sulfur dioxide,1 HOUR,SO2 1-hour 2010,9/18/2021,2021,261,Parts per billion,None,,24,100,,0.570833,,1,18,1,Y,,Illinois,Cook,Chicago,COM ED MAINTENANCE BLDG,7801 LAWNDALE,"Chicago-Naperville-Elgin, IL-IN-WI",AQS Data Mart
17,31,76,42401,1,41.7514,-87.713488,WGS84,Sulfur dioxide,1 HOUR,SO2 1-hour 2010,9/19/2021,2021,262,Parts per billion,None,,24,100,,1.533333,,4.2,14,6,Y,,Illinois,Cook,Chicago,COM ED MAINTENANCE BLDG,7801 LAWNDALE,"Chicago-Naperville-Elgin, IL-IN-WI",AQS Data Mart
17,31,76,42401,1,41.7514,-87.713488,WGS84,Sulfur dioxide,1 HOUR,SO2 1-hour 2010,9/20/2021,2021,263,Parts per billion,None,,24,100,,0.6375,,1.1,0,1,Y,,Illinois,Cook,Chicago,COM ED MAINTENANCE BLDG,7801 LAWNDALE,"Chicago-Naperville-Elgin, IL-IN-WI",AQS Data Mart
17,31,76,42401,1,41.7514,-87.713488,WGS84,Sulfur dioxide,1 HOUR,SO2 1-hour 2010,9/21/2021,2021,264,Parts per billion,None,,24,100,,0.554167,,0.8,8,0,Y,,Illinois,Cook,Chicago,COM ED MAINTENANCE BLDG,7801 LAWNDALE,"Chicago-Naperville-Elgin, IL-IN-WI",AQS Data Mart
17,31,76,42401,1,41.7514,-87.713488,WGS84,Sulfur dioxide,1 HOUR,SO2 1-hour 2010,9/22/2021,2021,265,Parts per billion,None,,24,100,,0.625,,1.2,22,1,Y,,Illinois,Cook,Chicago,COM ED MAINTENANCE BLDG,7801 LAWNDALE,"Chicago-Naperville-Elgin, IL-IN-WI",AQS Data Mart
17,31,76,42401,1,41.7514,-87.713488,WGS84,Sulfur dioxide,1 HOUR,SO2 1-hour 2010,9/23/2021,2021,266,Parts per billion,None,,24,100,,0.6875,,1.2,21,1,Y,,Illinois,Cook,Chicago,COM ED MAINTENANCE BLDG,7801 LAWNDALE,"Chicago-Naperville-Elgin, IL-IN-WI",AQS Data Mart
17,31,76,42401,1,41.7514,-87.713488,WGS84,Sulfur dioxide,1 HOUR,SO2 1-hour 2010,9/24/2021,2021,267,Parts per billion,None,,24,100,,0.841667,,1.2,17,1,Y,,Illinois,Cook,Chicago,COM ED MAINTENANCE BLDG,7801 LAWNDALE,"Chicago-Naperville-Elgin, IL-IN-WI",AQS Data Mart
17,31,76,42401,1,41.7514,-87.713488,WGS84,Sulfur dioxide,1 HOUR,SO2 1-hour 2010,9/25/2021,2021,268,Parts per billion,None,,24,100,,0.625,,1,23,1,Y,,Illinois,Cook,Chicago,COM ED MAINTENANCE BLDG,7801 LAWNDALE,"Chicago-Naperville-Elgin, IL-IN-WI",AQS Data Mart
17,31,76,42401,1,41.7514,-87.713488,WGS84,Sulfur dioxide,1 HOUR,SO2 1-hour 2010,9/26/2021,2021,269,Parts per billion,None,,24,100,,0.845833,,1.2,9,1,Y,,Illinois,Cook,Chicago,COM ED MAINTENANCE BLDG,7801 LAWNDALE,"Chicago-Naperville-Elgin, IL-IN-WI",AQS Data Mart
17,31,76,42401,1,41.7514,-87.713488,WGS84,Sulfur dioxide,1 HOUR,SO2 1-hour 2010,9/27/2021,2021,270,Parts per billion,None,,24,100,,0.791667,,1.3,17,1,Y,,Illinois,Cook,Chicago,COM ED MAINTENANCE BLDG,7801 LAWNDALE,"Chicago-Naperville-Elgin, IL-IN-WI",AQS Data Mart
17,31,76,42401,1,41.7514,-87.713488,WGS84,Sulfur dioxide,1 HOUR,SO2 1-hour 2010,9/28/2021,2021,271,Parts per billion,None,,23,96,,0.630435,,1,17,1,Y,,Illinois,Cook,Chicago,COM ED MAINTENANCE BLDG,7801 LAWNDALE,"Chicago-Naperville-Elgin, IL-IN-WI",AQS Data Mart
17,31,76,42401,1,41.7514,-87.713488,WGS84,Sulfur dioxide,1 HOUR,SO2 1-hour 2010,9/29/2021,2021,272,Parts per billion,None,,24,100,,1.5625,,6.3,12,9,Y,,Illinois,Cook,Chicago,COM ED MAINTENANCE BLDG,7801 LAWNDALE,"Chicago-Naperville-Elgin, IL-IN-WI",AQS Data Mart
17,31,76,42401,1,41.7514,-87.713488,WGS84,Sulfur dioxide,1 HOUR,SO2 1-hour 2010,9/30/2021,2021,273,Parts per billion,None,,24,100,,1.504167,,4.8,13,6,Y,,Illinois,Cook,Chicago,COM ED MAINTENANCE BLDG,7801 LAWNDALE,"Chicago-Naperville-Elgin, IL-IN-WI",AQS Data Mart
17,31,76,42401,1,41.7514,-87.713488,WGS84,Sulfur dioxide,1 HOUR,SO2 1-hour 2010,10/1/2021,2021,274,Parts per billion,None,,24,100,,1.358333,,3.3,17,4,Y,,Illinois,Cook,Chicago,COM ED MAINTENANCE BLDG,7801 LAWNDALE,"Chicago-Naperville-Elgin, IL-IN-WI",AQS Data Mart
17,31,76,42401,1,41.7514,-87.713488,WGS84,Sulfur dioxide,1 HOUR,SO2 1-hour 2010,10/2/2021,2021,275,Parts per billion,None,,24,100,,0.8125,,1.4,10,1,Y,,Illinois,Cook,Chicago,COM ED MAINTENANCE BLDG,7801 LAWNDALE,"Chicago-Naperville-Elgin, IL-IN-WI",AQS Data Mart
17,31,76,42401,1,41.7514,-87.713488,WGS84,Sulfur dioxide,1 HOUR,SO2 1-hour 2010,10/3/2021,2021,276,Parts per billion,None,,24,100,,0.645833,,0.8,12,0,Y,,Illinois,Cook,Chicago,COM ED MAINTENANCE BLDG,7801 LAWNDALE,"Chicago-Naperville-Elgin, IL-IN-WI",AQS Data Mart
17,31,76,42401,1,41.7514,-87.713488,WGS84,Sulfur dioxide,1 HOUR,SO2 1-hour 2010,10/4/2021,2021,277,Parts per billion,None,,24,100,,0.579167,,0.7,4,0,Y,,Illinois,Cook,Chicago,COM ED MAINTENANCE BLDG,7801 LAWNDALE,"Chicago-Naperville-Elgin, IL-IN-WI",AQS Data Mart
17,31,76,42401,1,41.7514,-87.713488,WGS84,Sulfur dioxide,1 HOUR,SO2 1-hour 2010,10/5/2021,2021,278,Parts per billion,None,,23,96,,0.547826,,1,9,1,Y,,Illinois,Cook,Chicago,COM ED MAINTENANCE BLDG,7801 LAWNDALE,"Chicago-Naperville-Elgin, IL-IN-WI",AQS Data Mart
17,31,76,42401,1,41.7514,-87.713488,WGS84,Sulfur dioxide,1 HOUR,SO2 1-hour 2010,10/6/2021,2021,279,Parts per billion,None,,24,100,,0.6625,,1.2,5,1,Y,,Illinois,Cook,Chicago,COM ED MAINTENANCE BLDG,7801 LAWNDALE,"Chicago-Naperville-Elgin, IL-IN-WI",AQS Data Mart
17,31,76,42401,1,41.7514,-87.713488,WGS84,Sulfur dioxide,1 HOUR,SO2 1-hour 2010,10/7/2021,2021,280,Parts per billion,None,,24,100,,0.8125,,1.2,22,1,Y,,Illinois,Cook,Chicago,COM ED MAINTENANCE BLDG,7801 LAWNDALE,"Chicago-Naperville-Elgin, IL-IN-WI",AQS Data Mart
17,31,76,42401,1,41.7514,-87.713488,WGS84,Sulfur dioxide,1 HOUR,SO2 1-hour 2010,10/8/2021,2021,281,Parts per billion,None,,24,100,,0.8625,,1.1,14,1,Y,,Illinois,Cook,Chicago,COM ED MAINTENANCE BLDG,7801 LAWNDALE,"Chicago-Naperville-Elgin, IL-IN-WI",AQS Data Mart
17,31,76,42401,1,41.7514,-87.713488,WGS84,Sulfur dioxide,1 HOUR,SO2 1-hour 2010,10/9/2021,2021,282,Parts per billion,None,,24,100,,1.158333,,2.2,19,3,Y,,Illinois,Cook,Chicago,COM ED MAINTENANCE BLDG,7801 LAWNDALE,"Chicago-Naperville-Elgin, IL-IN-WI",AQS Data Mart
17,31,76,42401,1,41.7514,-87.713488,WGS84,Sulfur dioxide,1 HOUR,SO2 1-hour 2010,10/10/2021,2021,283,Parts per billion,None,,24,100,,1.258333,,2.3,17,3,Y,,Illinois,Cook,Chicago,COM ED MAINTENANCE BLDG,7801 LAWNDALE,"Chicago-Naperville-Elgin, IL-IN-WI",AQS Data Mart
17,31,76,42401,1,41.7514,-87.713488,WGS84,Sulfur dioxide,1 HOUR,SO2 1-hour 2010,10/11/2021,2021,284,Parts per billion,None,,24,100,,0.925,,1.2,0,1,Y,,Illinois,Cook,Chicago,COM ED MAINTENANCE BLDG,7801 LAWNDALE,"Chicago-Naperville-Elgin, IL-IN-WI",AQS Data Mart
17,31,76,42401,1,41.7514,-87.713488,WGS84,Sulfur dioxide,1 HOUR,SO2 1-hour 2010,10/12/2021,2021,285,Parts per billion,None,,22,92,,1.1,,2.7,22,3,Y,,Illinois,Cook,Chicago,COM ED MAINTENANCE BLDG,7801 LAWNDALE,"Chicago-Naperville-Elgin, IL-IN-WI",AQS Data Mart
17,31,76,42401,1,41.7514,-87.713488,WGS84,Sulfur dioxide,1 HOUR,SO2 1-hour 2010,10/13/2021,2021,286,Parts per billion,None,,24,100,,1.733333,,3.7,5,4,Y,,Illinois,Cook,Chicago,COM ED MAINTENANCE BLDG,7801 LAWNDALE,"Chicago-Naperville-Elgin, IL-IN-WI",AQS Data Mart
17,31,76,42401,1,41.7514,-87.713488,WGS84,Sulfur dioxide,1 HOUR,SO2 1-hour 2010,10/14/2021,2021,287,Parts per billion,None,,24,100,,1.033333,,1.5,18,1,Y,,Illinois,Cook,Chicago,COM ED MAINTENANCE BLDG,7801 LAWNDALE,"Chicago-Naperville-Elgin, IL-IN-WI",AQS Data Mart
17,31,76,42401,1,41.7514,-87.713488,WGS84,Sulfur dioxide,1 HOUR,SO2 1-hour 2010,10/15/2021,2021,288,Parts per billion,None,,24,100,,1.433333,,2.5,5,3,Y,,Illinois,Cook,Chicago,COM ED MAINTENANCE BLDG,7801 LAWNDALE,"Chicago-Naperville-Elgin, IL-IN-WI",AQS Data Mart
17,31,76,42401,1,41.7514,-87.713488,WGS84,Sulfur dioxide,1 HOUR,SO2 1-hour 2010,10/16/2021,2021,289,Parts per billion,None,,24,100,,0.875,,1.3,17,1,Y,,Illinois,Cook,Chicago,COM ED MAINTENANCE BLDG,7801 LAWNDALE,"Chicago-Naperville-Elgin, IL-IN-WI",AQS Data Mart
17,31,76,42401,1,41.7514,-87.713488,WGS84,Sulfur dioxide,1 HOUR,SO2 1-hour 2010,10/17/2021,2021,290,Parts per billion,None,,24,100,,1.108333,,2.4,10,3,Y,,Illinois,Cook,Chicago,COM ED MAINTENANCE BLDG,7801 LAWNDALE,"Chicago-Naperville-Elgin, IL-IN-WI",AQS Data Mart
17,31,76,42401,1,41.7514,-87.713488,WGS84,Sulfur dioxide,1 HOUR,SO2 1-hour 2010,10/18/2021,2021,291,Parts per billion,None,,24,100,,1.55,,2.8,8,3,Y,,Illinois,Cook,Chicago,COM ED MAINTENANCE BLDG,7801 LAWNDALE,"Chicago-Naperville-Elgin, IL-IN-WI",AQS Data Mart
17,31,76,42401,1,41.7514,-87.713488,WGS84,Sulfur dioxide,1 HOUR,SO2 1-hour 2010,10/19/2021,2021,292,Parts per billion,None,,24,100,,1.216667,,1.7,17,1,Y,,Illinois,Cook,Chicago,COM ED MAINTENANCE BLDG,7801 LAWNDALE,"Chicago-Naperville-Elgin, IL-IN-WI",AQS Data Mart
17,31,76,42401,1,41.7514,-87.713488,WGS84,Sulfur dioxide,1 HOUR,SO2 1-hour 2010,10/20/2021,2021,293,Parts per billion,None,,24,100,,1.2375,,2,9,3,Y,,Illinois,Cook,Chicago,COM ED MAINTENANCE BLDG,7801 LAWNDALE,"Chicago-Naperville-Elgin, IL-IN-WI",AQS Data Mart
17,31,76,42401,1,41.7514,-87.713488,WGS84,Sulfur dioxide,1 HOUR,SO2 1-hour 2010,10/21/2021,2021,294,Parts per billion,None,,24,100,,1,,1.3,23,1,Y,,Illinois,Cook,Chicago,COM ED MAINTENANCE BLDG,7801 LAWNDALE,"Chicago-Naperville-Elgin, IL-IN-WI",AQS Data Mart
17,31,76,42401,1,41.7514,-87.713488,WGS84,Sulfur dioxide,1 HOUR,SO2 1-hour 2010,10/22/2021,2021,295,Parts per billion,None,,24,100,,1.429167,,3.1,8,4,Y,,Illinois,Cook,Chicago,COM ED MAINTENANCE BLDG,7801 LAWNDALE,"Chicago-Naperville-Elgin, IL-IN-WI",AQS Data Mart
17,31,76,42401,1,41.7514,-87.713488,WGS84,Sulfur dioxide,1 HOUR,SO2 1-hour 2010,10/23/2021,2021,296,Parts per billion,None,,24,100,,1.479167,,2.7,8,3,Y,,Illinois,Cook,Chicago,COM ED MAINTENANCE BLDG,7801 LAWNDALE,"Chicago-Naperville-Elgin, IL-IN-WI",AQS Data Mart
17,31,76,42401,1,41.7514,-87.713488,WGS84,Sulfur dioxide,1 HOUR,SO2 1-hour 2010,10/24/2021,2021,297,Parts per billion,None,,24,100,,2.416667,,9.3,6,13,Y,,Illinois,Cook,Chicago,COM ED MAINTENANCE BLDG,7801 LAWNDALE,"Chicago-Naperville-Elgin, IL-IN-WI",AQS Data Mart
17,31,76,42401,1,41.7514,-87.713488,WGS84,Sulfur dioxide,1 HOUR,SO2 1-hour 2010,10/25/2021,2021,298,Parts per billion,None,,23,96,,0.691304,,1,11,1,Y,,Illinois,Cook,Chicago,COM ED MAINTENANCE BLDG,7801 LAWNDALE,"Chicago-Naperville-Elgin, IL-IN-WI",AQS Data Mart
17,31,76,42401,1,41.7514,-87.713488,WGS84,Sulfur dioxide,1 HOUR,SO2 1-hour 2010,10/26/2021,2021,299,Parts per billion,None,,13,54,,1.161538,,1.8,6,1,N,,Illinois,Cook,Chicago,COM ED MAINTENANCE BLDG,7801 LAWNDALE,"Chicago-Naperville-Elgin, IL-IN-WI",AQS Data Mart
17,31,76,42401,1,41.7514,-87.713488,WGS84,Sulfur dioxide,1 HOUR,SO2 1-hour 2010,10/27/2021,2021,300,Parts per billion,None,,22,92,,2.222727,,3.5,21,4,Y,,Illinois,Cook,Chicago,COM ED MAINTENANCE BLDG,7801 LAWNDALE,"Chicago-Naperville-Elgin, IL-IN-WI",AQS Data Mart
17,31,76,42401,1,41.7514,-87.713488,WGS84,Sulfur dioxide,1 HOUR,SO2 1-hour 2010,10/28/2021,2021,301,Parts per billion,None,,24,100,,1.295833,,2.2,10,3,Y,,Illinois,Cook,Chicago,COM ED MAINTENANCE BLDG,7801 LAWNDALE,"Chicago-Naperville-Elgin, IL-IN-WI",AQS Data Mart
17,31,76,42401,1,41.7514,-87.713488,WGS84,Sulfur dioxide,1 HOUR,SO2 1-hour 2010,10/29/2021,2021,302,Parts per billion,None,,21,88,,0.942857,,1.2,1,1,Y,,Illinois,Cook,Chicago,COM ED MAINTENANCE BLDG,7801 LAWNDALE,"Chicago-Naperville-Elgin, IL-IN-WI",AQS Data Mart
17,31,76,42401,1,41.7514,-87.713488,WGS84,Sulfur dioxide,1 HOUR,SO2 1-hour 2010,10/30/2021,2021,303,Parts per billion,None,,24,100,,0.933333,,1.6,19,1,Y,,Illinois,Cook,Chicago,COM ED MAINTENANCE BLDG,7801 LAWNDALE,"Chicago-Naperville-Elgin, IL-IN-WI",AQS Data Mart
17,31,76,42401,1,41.7514,-87.713488,WGS84,Sulfur dioxide,1 HOUR,SO2 1-hour 2010,10/31/2021,2021,304,Parts per billion,None,,24,100,,0.908333,,1.3,0,1,Y,,Illinois,Cook,Chicago,COM ED MAINTENANCE BLDG,7801 LAWNDALE,"Chicago-Naperville-Elgin, IL-IN-WI",AQS Data Mart
17,31,76,42401,1,41.7514,-87.713488,WGS84,Sulfur dioxide,1 HOUR,SO2 1-hour 2010,11/1/2021,2021,305,Parts per billion,None,,24,100,,0.7375,,1.2,6,1,Y,,Illinois,Cook,Chicago,COM ED MAINTENANCE BLDG,7801 LAWNDALE,"Chicago-Naperville-Elgin, IL-IN-WI",AQS Data Mart
17,31,76,42401,1,41.7514,-87.713488,WGS84,Sulfur dioxide,1 HOUR,SO2 1-hour 2010,11/2/2021,2021,306,Parts per billion,None,,24,100,,0.758333,,1.2,7,1,Y,,Illinois,Cook,Chicago,COM ED MAINTENANCE BLDG,7801 LAWNDALE,"Chicago-Naperville-Elgin, IL-IN-WI",AQS Data Mart
17,31,76,42401,1,41.7514,-87.713488,WGS84,Sulfur dioxide,1 HOUR,SO2 1-hour 2010,11/3/2021,2021,307,Parts per billion,None,,24,100,,1.683333,,4.5,6,6,Y,,Illinois,Cook,Chicago,COM ED MAINTENANCE BLDG,7801 LAWNDALE,"Chicago-Naperville-Elgin, IL-IN-WI",AQS Data Mart
17,31,76,42401,1,41.7514,-87.713488,WGS84,Sulfur dioxide,1 HOUR,SO2 1-hour 2010,11/4/2021,2021,308,Parts per billion,None,,24,100,,1.866667,,3.5,3,4,Y,,Illinois,Cook,Chicago,COM ED MAINTENANCE BLDG,7801 LAWNDALE,"Chicago-Naperville-Elgin, IL-IN-WI",AQS Data Mart
17,31,76,42401,1,41.7514,-87.713488,WGS84,Sulfur dioxide,1 HOUR,SO2 1-hour 2010,11/5/2021,2021,309,Parts per billion,None,,23,96,,0.865217,,1.9,8,1,Y,,Illinois,Cook,Chicago,COM ED MAINTENANCE BLDG,7801 LAWNDALE,"Chicago-Naperville-Elgin, IL-IN-WI",AQS Data Mart
17,31,76,42401,1,41.7514,-87.713488,WGS84,Sulfur dioxide,1 HOUR,SO2 1-hour 2010,11/6/2021,2021,310,Parts per billion,None,,24,100,,1.058333,,1.6,12,1,Y,,Illinois,Cook,Chicago,COM ED MAINTENANCE BLDG,7801 LAWNDALE,"Chicago-Naperville-Elgin, IL-IN-WI",AQS Data Mart
17,31,76,42401,1,41.7514,-87.713488,WGS84,Sulfur dioxide,1 HOUR,SO2 1-hour 2010,11/7/2021,2021,311,Parts per billion,None,,24,100,,1.258333,,1.7,12,1,Y,,Illinois,Cook,Chicago,COM ED MAINTENANCE BLDG,7801 LAWNDALE,"Chicago-Naperville-Elgin, IL-IN-WI",AQS Data Mart
17,31,76,42401,1,41.7514,-87.713488,WGS84,Sulfur dioxide,1 HOUR,SO2 1-hour 2010,11/8/2021,2021,312,Parts per billion,None,,24,100,,1.375,,2.7,22,3,Y,,Illinois,Cook,Chicago,COM ED MAINTENANCE BLDG,7801 LAWNDALE,"Chicago-Naperville-Elgin, IL-IN-WI",AQS Data Mart
17,31,76,42401,1,41.7514,-87.713488,WGS84,Sulfur dioxide,1 HOUR,SO2 1-hour 2010,11/9/2021,2021,313,Parts per billion,None,,22,92,,1.672727,,3.1,23,4,Y,,Illinois,Cook,Chicago,COM ED MAINTENANCE BLDG,7801 LAWNDALE,"Chicago-Naperville-Elgin, IL-IN-WI",AQS Data Mart
17,31,76,42401,1,41.7514,-87.713488,WGS84,Sulfur dioxide,1 HOUR,SO2 1-hour 2010,11/10/2021,2021,314,Parts per billion,None,,24,100,,2.545833,,3.8,4,4,Y,,Illinois,Cook,Chicago,COM ED MAINTENANCE BLDG,7801 LAWNDALE,"Chicago-Naperville-Elgin, IL-IN-WI",AQS Data Mart
17,31,76,42401,1,41.7514,-87.713488,WGS84,Sulfur dioxide,1 HOUR,SO2 1-hour 2010,11/11/2021,2021,315,Parts per billion,None,,24,100,,1.141667,,1.7,4,1,Y,,Illinois,Cook,Chicago,COM ED MAINTENANCE BLDG,7801 LAWNDALE,"Chicago-Naperville-Elgin, IL-IN-WI",AQS Data Mart
17,31,76,42401,1,41.7514,-87.713488,WGS84,Sulfur dioxide,1 HOUR,SO2 1-hour 2010,11/12/2021,2021,316,Parts per billion,None,,24,100,,0.866667,,1.2,14,1,Y,,Illinois,Cook,Chicago,COM ED MAINTENANCE BLDG,7801 LAWNDALE,"Chicago-Naperville-Elgin, IL-IN-WI",AQS Data Mart
17,31,76,42401,1,41.7514,-87.713488,WGS84,Sulfur dioxide,1 HOUR,SO2 1-hour 2010,11/13/2021,2021,317,Parts per billion,None,,24,100,,0.6875,,0.8,0,0,Y,,Illinois,Cook,Chicago,COM ED MAINTENANCE BLDG,7801 LAWNDALE,"Chicago-Naperville-Elgin, IL-IN-WI",AQS Data Mart
17,31,76,42401,1,41.7514,-87.713488,WGS84,Sulfur dioxide,1 HOUR,SO2 1-hour 2010,11/14/2021,2021,318,Parts per billion,None,,24,100,,0.670833,,0.8,7,0,Y,,Illinois,Cook,Chicago,COM ED MAINTENANCE BLDG,7801 LAWNDALE,"Chicago-Naperville-Elgin, IL-IN-WI",AQS Data Mart
17,31,76,42401,1,41.7514,-87.713488,WGS84,Sulfur dioxide,1 HOUR,SO2 1-hour 2010,11/15/2021,2021,319,Parts per billion,None,,22,92,,0.713636,,1.1,22,1,Y,,Illinois,Cook,Chicago,COM ED MAINTENANCE BLDG,7801 LAWNDALE,"Chicago-Naperville-Elgin, IL-IN-WI",AQS Data Mart
17,31,76,42401,1,41.7514,-87.713488,WGS84,Sulfur dioxide,1 HOUR,SO2 1-hour 2010,11/16/2021,2021,320,Parts per billion,None,,24,100,,1.441667,,3.2,7,4,Y,,Illinois,Cook,Chicago,COM ED MAINTENANCE BLDG,7801 LAWNDALE,"Chicago-Naperville-Elgin, IL-IN-WI",AQS Data Mart
17,31,76,42401,1,41.7514,-87.713488,WGS84,Sulfur dioxide,1 HOUR,SO2 1-hour 2010,11/17/2021,2021,321,Parts per billion,None,,22,92,,0.490909,,1.1,0,1,Y,,Illinois,Cook,Chicago,COM ED MAINTENANCE BLDG,7801 LAWNDALE,"Chicago-Naperville-Elgin, IL-IN-WI",AQS Data Mart
17,31,76,42401,1,41.7514,-87.713488,WGS84,Sulfur dioxide,1 HOUR,SO2 1-hour 2010,11/18/2021,2021,322,Parts per billion,None,,24,100,,-0.079167,,0,0,0,Y,,Illinois,Cook,Chicago,COM ED MAINTENANCE BLDG,7801 LAWNDALE,"Chicago-Naperville-Elgin, IL-IN-WI",AQS Data Mart
17,31,76,42401,1,41.7514,-87.713488,WGS84,Sulfur dioxide,1 HOUR,SO2 1-hour 2010,11/19/2021,2021,323,Parts per billion,None,,24,100,,-0.016667,,0.4,8,0,Y,,Illinois,Cook,Chicago,COM ED MAINTENANCE BLDG,7801 LAWNDALE,"Chicago-Naperville-Elgin, IL-IN-WI",AQS Data Mart
17,31,76,42401,1,41.7514,-87.713488,WGS84,Sulfur dioxide,1 HOUR,SO2 1-hour 2010,11/20/2021,2021,324,Parts per billion,None,,24,100,,0.370833,,1,18,1,Y,,Illinois,Cook,Chicago,COM ED MAINTENANCE BLDG,7801 LAWNDALE,"Chicago-Naperville-Elgin, IL-IN-WI",AQS Data Mart
17,31,76,42401,1,41.7514,-87.713488,WGS84,Sulfur dioxide,1 HOUR,SO2 1-hour 2010,11/21/2021,2021,325,Parts per billion,None,,24,100,,0.3375,,1.1,1,1,Y,,Illinois,Cook,Chicago,COM ED MAINTENANCE BLDG,7801 LAWNDALE,"Chicago-Naperville-Elgin, IL-IN-WI",AQS Data Mart
17,31,76,42401,1,41.7514,-87.713488,WGS84,Sulfur dioxide,1 HOUR,SO2 1-hour 2010,11/22/2021,2021,326,Parts per billion,None,,24,100,,0.075,,0.6,22,0,Y,,Illinois,Cook,Chicago,COM ED MAINTENANCE BLDG,7801 LAWNDALE,"Chicago-Naperville-Elgin, IL-IN-WI",AQS Data Mart
17,31,76,42401,1,41.7514,-87.713488,WGS84,Sulfur dioxide,1 HOUR,SO2 1-hour 2010,11/23/2021,2021,327,Parts per billion,None,,24,100,,0.683333,,2.4,6,3,Y,,Illinois,Cook,Chicago,COM ED MAINTENANCE BLDG,7801 LAWNDALE,"Chicago-Naperville-Elgin, IL-IN-WI",AQS Data Mart
17,31,76,42401,1,41.7514,-87.713488,WGS84,Sulfur dioxide,1 HOUR,SO2 1-hour 2010,11/24/2021,2021,328,Parts per billion,None,,24,100,,0.404167,,0.9,0,0,Y,,Illinois,Cook,Chicago,COM ED MAINTENANCE BLDG,7801 LAWNDALE,"Chicago-Naperville-Elgin, IL-IN-WI",AQS Data Mart
17,31,76,42401,1,41.7514,-87.713488,WGS84,Sulfur dioxide,1 HOUR,SO2 1-hour 2010,11/25/2021,2021,329,Parts per billion,None,,24,100,,0.008333,,0.2,10,0,Y,,Illinois,Cook,Chicago,COM ED MAINTENANCE BLDG,7801 LAWNDALE,"Chicago-Naperville-Elgin, IL-IN-WI",AQS Data Mart
17,31,76,42401,1,41.7514,-87.713488,WGS84,Sulfur dioxide,1 HOUR,SO2 1-hour 2010,11/26/2021,2021,330,Parts per billion,None,,24,100,,0.008333,,0.4,10,0,Y,,Illinois,Cook,Chicago,COM ED MAINTENANCE BLDG,7801 LAWNDALE,"Chicago-Naperville-Elgin, IL-IN-WI",AQS Data Mart
17,31,76,42401,1,41.7514,-87.713488,WGS84,Sulfur dioxide,1 HOUR,SO2 1-hour 2010,11/27/2021,2021,331,Parts per billion,None,,24,100,,0.354167,,0.9,18,0,Y,,Illinois,Cook,Chicago,COM ED MAINTENANCE BLDG,7801 LAWNDALE,"Chicago-Naperville-Elgin, IL-IN-WI",AQS Data Mart
17,31,76,42401,1,41.7514,-87.713488,WGS84,Sulfur dioxide,1 HOUR,SO2 1-hour 2010,11/28/2021,2021,332,Parts per billion,None,,24,100,,0.195833,,1.2,22,1,Y,,Illinois,Cook,Chicago,COM ED MAINTENANCE BLDG,7801 LAWNDALE,"Chicago-Naperville-Elgin, IL-IN-WI",AQS Data Mart
17,31,76,42401,1,41.7514,-87.713488,WGS84,Sulfur dioxide,1 HOUR,SO2 1-hour 2010,11/29/2021,2021,333,Parts per billion,None,,24,100,,0.395833,,1,7,1,Y,,Illinois,Cook,Chicago,COM ED MAINTENANCE BLDG,7801 LAWNDALE,"Chicago-Naperville-Elgin, IL-IN-WI",AQS Data Mart
17,31,76,42401,1,41.7514,-87.713488,WGS84,Sulfur dioxide,1 HOUR,SO2 1-hour 2010,11/30/2021,2021,334,Parts per billion,None,,24,100,,0.816667,,3.5,22,4,Y,,Illinois,Cook,Chicago,COM ED MAINTENANCE BLDG,7801 LAWNDALE,"Chicago-Naperville-Elgin, IL-IN-WI",AQS Data Mart
17,31,76,42401,1,41.7514,-87.713488,WGS84,Sulfur dioxide,1 HOUR,SO2 1-hour 2010,12/1/2021,2021,335,Parts per billion,None,,22,92,,0.959091,,3.5,6,4,Y,,Illinois,Cook,Chicago,COM ED MAINTENANCE BLDG,7801 LAWNDALE,"Chicago-Naperville-Elgin, IL-IN-WI",AQS Data Mart
17,31,76,42401,1,41.7514,-87.713488,WGS84,Sulfur dioxide,1 HOUR,SO2 1-hour 2010,12/2/2021,2021,336,Parts per billion,None,,24,100,,0.6875,,2.5,20,3,Y,,Illinois,Cook,Chicago,COM ED MAINTENANCE BLDG,7801 LAWNDALE,"Chicago-Naperville-Elgin, IL-IN-WI",AQS Data Mart
17,31,76,42401,1,41.7514,-87.713488,WGS84,Sulfur dioxide,1 HOUR,SO2 1-hour 2010,12/3/2021,2021,337,Parts per billion,None,,24,100,,0.920833,,3.9,11,4,Y,,Illinois,Cook,Chicago,COM ED MAINTENANCE BLDG,7801 LAWNDALE,"Chicago-Naperville-Elgin, IL-IN-WI",AQS Data Mart
17,31,76,42401,1,41.7514,-87.713488,WGS84,Sulfur dioxide,1 HOUR,SO2 1-hour 2010,12/4/2021,2021,338,Parts per billion,None,,24,100,,0.245833,,0.6,10,0,Y,,Illinois,Cook,Chicago,COM ED MAINTENANCE BLDG,7801 LAWNDALE,"Chicago-Naperville-Elgin, IL-IN-WI",AQS Data Mart
17,31,76,42401,1,41.7514,-87.713488,WGS84,Sulfur dioxide,1 HOUR,SO2 1-hour 2010,12/5/2021,2021,339,Parts per billion,None,,24,100,,0.245833,,2.1,3,3,Y,,Illinois,Cook,Chicago,COM ED MAINTENANCE BLDG,7801 LAWNDALE,"Chicago-Naperville-Elgin, IL-IN-WI",AQS Data Mart
17,31,76,42401,1,41.7514,-87.713488,WGS84,Sulfur dioxide,1 HOUR,SO2 1-hour 2010,12/6/2021,2021,340,Parts per billion,None,,24,100,,0,,0.2,0,0,Y,,Illinois,Cook,Chicago,COM ED MAINTENANCE BLDG,7801 LAWNDALE,"Chicago-Naperville-Elgin, IL-IN-WI",AQS Data Mart
17,31,76,42401,1,41.7514,-87.713488,WGS84,Sulfur dioxide,1 HOUR,SO2 1-hour 2010,12/7/2021,2021,341,Parts per billion,None,,24,100,,0.020833,,0.8,7,0,Y,,Illinois,Cook,Chicago,COM ED MAINTENANCE BLDG,7801 LAWNDALE,"Chicago-Naperville-Elgin, IL-IN-WI",AQS Data Mart
17,31,76,42401,1,41.7514,-87.713488,WGS84,Sulfur dioxide,1 HOUR,SO2 1-hour 2010,12/8/2021,2021,342,Parts per billion,None,,23,96,,0.473913,,1.3,21,1,Y,,Illinois,Cook,Chicago,COM ED MAINTENANCE BLDG,7801 LAWNDALE,"Chicago-Naperville-Elgin, IL-IN-WI",AQS Data Mart
17,31,76,42401,1,41.7514,-87.713488,WGS84,Sulfur dioxide,1 HOUR,SO2 1-hour 2010,12/9/2021,2021,343,Parts per billion,None,,24,100,,0.625,,1.2,19,1,Y,,Illinois,Cook,Chicago,COM ED MAINTENANCE BLDG,7801 LAWNDALE,"Chicago-Naperville-Elgin, IL-IN-WI",AQS Data Mart
17,31,76,42401,1,41.7514,-87.713488,WGS84,Sulfur dioxide,1 HOUR,SO2 1-hour 2010,12/10/2021,2021,344,Parts per billion,None,,24,100,,1.604167,,11.9,7,16,Y,,Illinois,Cook,Chicago,COM ED MAINTENANCE BLDG,7801 LAWNDALE,"Chicago-Naperville-Elgin, IL-IN-WI",AQS Data Mart
17,31,76,42401,1,41.7514,-87.713488,WGS84,Sulfur dioxide,1 HOUR,SO2 1-hour 2010,12/11/2021,2021,345,Parts per billion,None,,24,100,,0.1625,,0.5,5,0,Y,,Illinois,Cook,Chicago,COM ED MAINTENANCE BLDG,7801 LAWNDALE,"Chicago-Naperville-Elgin, IL-IN-WI",AQS Data Mart
17,31,76,42401,1,41.7514,-87.713488,WGS84,Sulfur dioxide,1 HOUR,SO2 1-hour 2010,12/12/2021,2021,346,Parts per billion,None,,24,100,,0.108333,,0.3,10,0,Y,,Illinois,Cook,Chicago,COM ED MAINTENANCE BLDG,7801 LAWNDALE,"Chicago-Naperville-Elgin, IL-IN-WI",AQS Data Mart
17,31,76,42401,1,41.7514,-87.713488,WGS84,Sulfur dioxide,1 HOUR,SO2 1-hour 2010,12/13/2021,2021,347,Parts per billion,None,,24,100,,0.9125,,3.5,23,4,Y,,Illinois,Cook,Chicago,COM ED MAINTENANCE BLDG,7801 LAWNDALE,"Chicago-Naperville-Elgin, IL-IN-WI",AQS Data Mart
17,31,76,42401,1,41.7514,-87.713488,WGS84,Sulfur dioxide,1 HOUR,SO2 1-hour 2010,12/14/2021,2021,348,Parts per billion,None,,22,92,,1.25,,4.1,0,6,Y,,Illinois,Cook,Chicago,COM ED MAINTENANCE BLDG,7801 LAWNDALE,"Chicago-Naperville-Elgin, IL-IN-WI",AQS Data Mart
17,31,76,42401,1,41.7514,-87.713488,WGS84,Sulfur dioxide,1 HOUR,SO2 1-hour 2010,12/15/2021,2021,349,Parts per billion,None,,24,100,,0.708333,,0.8,8,0,Y,,Illinois,Cook,Chicago,COM ED MAINTENANCE BLDG,7801 LAWNDALE,"Chicago-Naperville-Elgin, IL-IN-WI",AQS Data Mart
17,31,76,42401,1,41.7514,-87.713488,WGS84,Sulfur dioxide,1 HOUR,SO2 1-hour 2010,12/16/2021,2021,350,Parts per billion,None,,24,100,,0.629167,,1,4,1,Y,,Illinois,Cook,Chicago,COM ED MAINTENANCE BLDG,7801 LAWNDALE,"Chicago-Naperville-Elgin, IL-IN-WI",AQS Data Mart
17,31,76,42401,1,41.7514,-87.713488,WGS84,Sulfur dioxide,1 HOUR,SO2 1-hour 2010,12/17/2021,2021,351,Parts per billion,None,,24,100,,0.758333,,1.5,8,1,Y,,Illinois,Cook,Chicago,COM ED MAINTENANCE BLDG,7801 LAWNDALE,"Chicago-Naperville-Elgin, IL-IN-WI",AQS Data Mart
17,31,76,42401,1,41.7514,-87.713488,WGS84,Sulfur dioxide,1 HOUR,SO2 1-hour 2010,12/18/2021,2021,352,Parts per billion,None,,24,100,,0.633333,,1.4,0,1,Y,,Illinois,Cook,Chicago,COM ED MAINTENANCE BLDG,7801 LAWNDALE,"Chicago-Naperville-Elgin, IL-IN-WI",AQS Data Mart
17,31,76,42401,1,41.7514,-87.713488,WGS84,Sulfur dioxide,1 HOUR,SO2 1-hour 2010,12/19/2021,2021,353,Parts per billion,None,,24,100,,0.566667,,0.8,6,0,Y,,Illinois,Cook,Chicago,COM ED MAINTENANCE BLDG,7801 LAWNDALE,"Chicago-Naperville-Elgin, IL-IN-WI",AQS Data Mart
17,31,76,42401,1,41.7514,-87.713488,WGS84,Sulfur dioxide,1 HOUR,SO2 1-hour 2010,12/20/2021,2021,354,Parts per billion,None,,22,92,,0.790909,,1.7,23,1,Y,,Illinois,Cook,Chicago,COM ED MAINTENANCE BLDG,7801 LAWNDALE,"Chicago-Naperville-Elgin, IL-IN-WI",AQS Data Mart
17,31,76,42401,1,41.7514,-87.713488,WGS84,Sulfur dioxide,1 HOUR,SO2 1-hour 2010,12/21/2021,2021,355,Parts per billion,None,,24,100,,1.425,,2.9,8,3,Y,,Illinois,Cook,Chicago,COM ED MAINTENANCE BLDG,7801 LAWNDALE,"Chicago-Naperville-Elgin, IL-IN-WI",AQS Data Mart
17,31,76,42401,1,41.7514,-87.713488,WGS84,Sulfur dioxide,1 HOUR,SO2 1-hour 2010,12/22/2021,2021,356,Parts per billion,None,,24,100,,0.7,,1,11,1,Y,,Illinois,Cook,Chicago,COM ED MAINTENANCE BLDG,7801 LAWNDALE,"Chicago-Naperville-Elgin, IL-IN-WI",AQS Data Mart
17,31,76,42401,1,41.7514,-87.713488,WGS84,Sulfur dioxide,1 HOUR,SO2 1-hour 2010,12/23/2021,2021,357,Parts per billion,None,,24,100,,1.0375,,1.4,12,1,Y,,Illinois,Cook,Chicago,COM ED MAINTENANCE BLDG,7801 LAWNDALE,"Chicago-Naperville-Elgin, IL-IN-WI",AQS Data Mart
17,31,76,42401,1,41.7514,-87.713488,WGS84,Sulfur dioxide,1 HOUR,SO2 1-hour 2010,12/24/2021,2021,358,Parts per billion,None,,24,100,,0.829167,,1.2,1,1,Y,,Illinois,Cook,Chicago,COM ED MAINTENANCE BLDG,7801 LAWNDALE,"Chicago-Naperville-Elgin, IL-IN-WI",AQS Data Mart
17,31,76,42401,1,41.7514,-87.713488,WGS84,Sulfur dioxide,1 HOUR,SO2 1-hour 2010,12/25/2021,2021,359,Parts per billion,None,,24,100,,0.891667,,1.8,22,1,Y,,Illinois,Cook,Chicago,COM ED MAINTENANCE BLDG,7801 LAWNDALE,"Chicago-Naperville-Elgin, IL-IN-WI",AQS Data Mart
17,31,76,42401,1,41.7514,-87.713488,WGS84,Sulfur dioxide,1 HOUR,SO2 1-hour 2010,12/26/2021,2021,360,Parts per billion,None,,24,100,,1.895833,,5.9,7,7,Y,,Illinois,Cook,Chicago,COM ED MAINTENANCE BLDG,7801 LAWNDALE,"Chicago-Naperville-Elgin, IL-IN-WI",AQS Data Mart
17,31,76,42401,1,41.7514,-87.713488,WGS84,Sulfur dioxide,1 HOUR,SO2 1-hour 2010,12/27/2021,2021,361,Parts per billion,None,,24,100,,0.9125,,2.7,8,3,Y,,Illinois,Cook,Chicago,COM ED MAINTENANCE BLDG,7801 LAWNDALE,"Chicago-Naperville-Elgin, IL-IN-WI",AQS Data Mart
17,31,76,42401,1,41.7514,-87.713488,WGS84,Sulfur dioxide,1 HOUR,SO2 1-hour 2010,12/28/2021,2021,362,Parts per billion,None,,24,100,,0.85,,1.3,8,1,Y,,Illinois,Cook,Chicago,COM ED MAINTENANCE BLDG,7801 LAWNDALE,"Chicago-Naperville-Elgin, IL-IN-WI",AQS Data Mart
17,31,76,42401,1,41.7514,-87.713488,WGS84,Sulfur dioxide,1 HOUR,SO2 1-hour 2010,12/29/2021,2021,363,Parts per billion,None,,24,100,,0.616667,,0.8,0,0,Y,,Illinois,Cook,Chicago,COM ED MAINTENANCE BLDG,7801 LAWNDALE,"Chicago-Naperville-Elgin, IL-IN-WI",AQS Data Mart
17,31,76,42401,1,41.7514,-87.713488,WGS84,Sulfur dioxide,1 HOUR,SO2 1-hour 2010,12/30/2021,2021,364,Parts per billion,None,,24,100,,0.879167,,2,11,3,Y,,Illinois,Cook,Chicago,COM ED MAINTENANCE BLDG,7801 LAWNDALE,"Chicago-Naperville-Elgin, IL-IN-WI",AQS Data Mart
17,31,76,42401,1,41.7514,-87.713488,WGS84,Sulfur dioxide,1 HOUR,SO2 1-hour 2010,12/31/2021,2021,365,Parts per billion,None,,24,100,,0.854167,,1.5,11,1,Y,,Illinois,Cook,Chicago,COM ED MAINTENANCE BLDG,7801 LAWNDALE,"Chicago-Naperville-Elgin, IL-IN-WI",AQS Data Mart
